,,,,,,,,,,,,,,,,,,,,,,,,,,,,,,,,,,,,,,,,,,,,,,,,,,,,,,,,,,,,,,,,,,,,,,,,,,,,,,,,,,,,,,,,,,,,,,,,,,,,,,,,,,,,,,,,,,,,,,,,,,,,,,,,,,,,,,,,,,,,,
,Payment System Indicators,,,,,,,,,,,,,,,,,,,,,,,,,,,,,,,,,,,,,,,,,,,,,,,,,,,,,,,,,,,,,,,,,,,,,,,,,,,,,,,,,,,,,,,,,,,,,,,,,,,,,,,,,,,,,,,,,,,,,,,,,,,,,,,,,,,,,,,,,,,,
,,,,,,,,,,,,,,,,,,,,,,,,,,,,,,,,,,,,,,,,,,,,,,,,,,,,,,,,,,,,,,,,,,,,,,,,,,,,,,,,,,,,,,,,,,,,,,,,,,,,,,,,,,,,,,,,,,,,,,,,,,,,,,,,,,,,,,,,,,,,,
,Month/Year,A. Settlement Systems,,,,,,,,,,,,,,B. Payment Systems,,,,,,,,,,,,,,,,,,,,,,,,,,,,,,,,,,,,,,,,,,,,,,,,,,,,,,,,,,,,,,,,,,,,,,A. Other Payment Channels,,,,,,,,,,,,B. ATMs,,,,,,,,,,,,,,,,,,Payment System Infrastructures,,,,,,,,,,,,,,,,,,,,,,,,,
,,Financial Market Infrastructures (FMIs),,,,,,,,,,,,,,I Financial Market Infrastructures (FMIs),,,,,,II Retail,,,,,,,,,,,,,,,,,,,,,,3.2 ECS Dr ,,II Retail,,,,,,,,,,,,,,,,,,,,,,,,,,,,,,,,6.2 Others ,,II Retail,,,,,,  ,,,,,,,,,,,, ,,,,,,,,,,,,,,,,,,,,,,,,,,,,,,,,,,,,,,,,,,,
,,1   CCIL Operated Systems (1.1 to 1.3),,1.1 Govt. Securities Clearing (1.1.1 to 1.1.3),,1.1.1 Outright,,1.1.2 Repo,,1.1.3 Tri-party Repo,,1.2 Forex Clearing,,1.3 Rupee Derivatives @,,1 Credit Transfers - RTGS (1.1 to 1.2),,1.1 Customer Transactions,,1.2 Interbank Transactions,,2 Credit Transfers - Retail (2.1 to 2.7),,2.1 AePS (Fund Transfers) @,,2.2 APBS $,,2.3 ECS Cr,,2.4 IMPS,,2.5 NACH Cr $,,2.6 NEFT,,2.7 UPI @,,2.7.1 of which USSD @,,3 Debit Transfers and Direct Debits (3.1 to 3.4),,3.1 BHIM Aadhaar Pay @,,3.2 ECS Dr ,,3.3 NACH Dr $,,3.4 NETC (linked to bank account) @,,4 Card Payments (4.1 to 4.2),,4.1 Credit Cards (4.1.1 to 4.1.2),,4.1.1 PoS based $,,4.1.2 Others $,,4.2 Debit Cards (4.2.1 to 4.2.1 ),,4.2.1 PoS based $,,4.2.2 Others $,,5 Prepaid Payment Instruments (5.1 to 5.2),,5.1 Wallets,,5.2 Cards (5.2.1 to 5.2.2),,5.2.1 PoS based $,,5.2.2 Others $,,6 Paper-based Instruments (6.1 to 6.2),,6.1 CTS (NPCI Managed),,6.2 Others ,,Total - Retail Payments (2+3+4+5+6),,Total Payments (1+2+3+4+5+6),,Total Digital Payments (1+2+3+4+5),,1 Mobile Payments (mobile app based) (1.1 to 1.2),,1.1 Intra-bank $,,1.2 Inter-bank $,,2 Internet Payments (Netbanking / Internet Browser Based) @ (2.1 to 2.2),,2.1 Intra-bank @,,2.2 Inter-bank @,,3 Cash Withdrawal at ATMs $ (3.1 to 3.3),,3.1 Using Credit Cards $,,3.2 Using Debit Cards $,,3.3 Using Pre-paid Cards $,,4 Cash Withdrawal at PoS $ (4.1 to 4.2),,4.1 Using Debit Cards $,,4.2 Using Pre-paid Cards $,,5   Cash Withrawal at Micro ATMs @,,5.1 AePS @,,1 Number of Cards (1.1 to 1.2),,1.1 Credit Cards,,1.2 Debit Cards,,2 Number of PPIs @ (2.1 to 2.2),,2.1 Wallets @,,2.2 Cards @,,3 Number of ATMs (3.1 to 3.2),,3.1 Bank owned ATMs $,,3.2 White Label ATMs $,,4   Number of Micro ATMs @,,5   Number of PoS Terminals ,,6   Bharat QR @,,7 UPI QR *,
,,Volume (Lakh),Value( Rupees Crores ),Volume (Lakh),Value( Rupees Crores ),Volume (Lakh),Value( Rupees Crores ),Volume (Lakh),Value( Rupees Crores ),Volume (Lakh),Value( Rupees Crores ),Volume (Lakh),Value( Rupees Crores ),Volume (Lakh),Value( Rupees Crores ),Volume (Lakh),Value( Rupees Crores ),Volume (Lakh),Value( Rupees Crores ),Volume (Lakh),Value( Rupees Crores ),Volume (Lakh),Value( Rupees Crores ),Volume (Lakh),Value( Rupees Crores ),Volume (Lakh),Value( Rupees Crores ),Volume (Lakh),Value( Rupees Crores ),Volume (Lakh),Value( Rupees Crores ),Volume (Lakh),Value( Rupees Crores ),Volume (Lakh),Value( Rupees Crores ),Volume (Lakh),Value( Rupees Crores ),Volume (Lakh),Value( Rupees Crores ),Volume (Lakh),Value( Rupees Crores ),Volume (Lakh),Value( Rupees Crores ),Volume (Lakh),Value( Rupees Crores ),Volume (Lakh),Value( Rupees Crores ),Volume (Lakh),Value( Rupees Crores ),Volume (Lakh),Value( Rupees Crores ),Volume (Lakh),Value( Rupees Crores ),Volume (Lakh),Value( Rupees Crores ),Volume (Lakh),Value( Rupees Crores ),Volume (Lakh),Value( Rupees Crores ),Volume (Lakh),Value( Rupees Crores ),Volume (Lakh),Value( Rupees Crores ),Volume (Lakh),Value( Rupees Crores ),Volume (Lakh),Value( Rupees Crores ),Volume (Lakh),Value( Rupees Crores ),Volume (Lakh),Value( Rupees Crores ),Volume (Lakh),Value( Rupees Crores ),Volume (Lakh),Value( Rupees Crores ),Volume (Lakh),Value( Rupees Crores ),Volume (Lakh),Value( Rupees Crores ),Volume (Lakh),Value( Rupees Crores ),Volume (Lakh),Value( Rupees Crores ),Volume (Lakh),Value( Rupees Crores ),Volume (Lakh),Value( Rupees Crores ),Volume (Lakh),Value( Rupees Crores ),Volume (Lakh),Value( Rupees Crores ),Volume (Lakh),Value( Rupees Crores ),Volume (Lakh),Value( Rupees Crores ),Volume (Lakh),Value( Rupees Crores ),Volume (Lakh),Value( Rupees Crores ),Volume (Lakh),Value( Rupees Crores ),Volume (Lakh),Value( Rupees Crores ),Volume (Lakh),Value( Rupees Crores ),Volume (Lakh),Value( Rupees Crores ),Volume (Lakh),Value( Rupees Crores ),Volume (Lakh),Value( Rupees Crores ),Volume (Lakh),Value( Rupees Crores ),Volume (Lakh),Value( Rupees Crores ),Volume (Lakh),Value( Rupees Crores ),Volume (Lakh),Value( Rupees Crores ),Volume (Lakh),Value( Rupees Crores ),Volume (Lakh),Value( Rupees Crores ),Volume (Lakh),Value( Rupees Crores ),Volume (Lakh),Value( Rupees Crores ),Volume (Lakh),Value( Rupees Crores ),Volume (Lakh),Value( Rupees Crores ),Volume (Lakh),Value( Rupees Crores ),Volume (Lakh),Value( Rupees Crores ),Volume (Lakh),Value( Rupees Crores ),Volume (Lakh),Value( Rupees Crores ),Volume (Lakh),Value( Rupees Crores )
,Jun-2026,5.60,"35,295,220",2.03,"19,743,616",1.31,"1,726,964",0.46,"7,575,558",0.26,"10,441,094",3.39,"14,283,593",0.18,"1,268,011",319.29,"22,984,140",318.14,"21,210,783",1.15,"1,773,357",243626.31,"8,255,460",0.23,13,3151.62,"62,653",0.00,0,3539.18,"676,543",1192.32,"170,436",8582.30,"4,453,677",227160.66,"2,892,139",1.28,13,2094.13,"260,337",32.30,"1,079",0.00,0,1912.95,"259,076",148.88,182,6783.52,"236,660",5812.59,"201,362",2855.64,"74,262",2956.95,"127,100",970.93,"35,299",712.56,"21,692",258.37,"13,607",8887.79,"27,495",6984.10,"20,970",1903.69,"6,525",794.48,"1,343",1109.21,"5,182",425.55,"607,843",425.55,"607,843",0.00,0,261817.30,"9,387,796",262136.59,"32,371,936",261711.04,"31,764,092",195230.02,"3,913,727",10719.64,"723,073",184510.38,"3,190,654",3182.59,"13,165,541",651.68,"6,035,123",2530.91,"7,130,418",4007.78,"217,595",6.30,357,3984.29,"216,359",17.19,880,0.10,2,0.07,1,0.03,0,928.19,"24,411",928.19,"24,411",11534.57,-,1215.91,-,10318.66,-,22460.84,-,17803.44,-,4657.40,-,2.52,-,2.16,-,0.36,-,13.37,-,99.22,-,52.66,-,7925.74,-
,May-2026,4.87,"32,125,386",1.71,"18,071,700",1.03,"1,254,908",0.43,"6,790,220",0.25,"10,026,571",2.96,"12,462,096",0.21,"1,591,591",315.38,"18,618,676",314.27,"17,246,274",1.11,"1,372,402",246885.68,"8,135,516",0.24,14,2048.40,"62,137",0.00,0,3580.97,"695,701",740.50,"154,628",8496.29,"4,232,611",232019.28,"2,990,424",1.28,13,2087.74,"247,007",27.29,968,0.00,0,1897.25,"245,849",163.20,190,6953.63,"238,163",5955.02,"202,742",2903.64,"76,095",3051.38,"126,647",998.62,"35,420",737.79,"22,187",260.83,"13,233",9022.57,"29,443",7132.74,"22,677",1889.82,"6,766",781.94,"1,408",1107.88,"5,358",419.39,"596,835",419.39,"596,835",0.00,0,265369.01,"9,246,964",265684.39,"27,865,640",265265.00,"27,268,805",199200.46,"3,950,902",10985.43,"704,120",188215.03,"3,246,782",3095.94,"11,236,640",629.92,"5,181,064",2466.02,"6,055,576",4176.39,"231,340",6.42,366,4152.55,"230,088",17.43,885,0.11,2,0.08,1,0.03,0,844.66,"23,729",844.66,"23,729",11483.62,-,1204.54,0,10279.08,0,22221.66,-,17596.04,0,4625.61,0,2.54,-,2.17,0,0.37,0,13.58,0,115.25,0,56.05,0,7797.65,0
,Apr-2026,4.65,"32,290,516",1.67,"16,817,588",0.99,"1,351,982",0.46,"6,706,602",0.22,"8,759,004",2.81,"14,216,020",0.16,"1,256,908",315.56,"19,248,590",314.47,"17,613,014",1.09,"1,635,576",238826.91,"8,240,533",0.27,17,2372.04,"44,625",-,-,3624.87,"700,909",1031.28,"167,523",8330.47,"4,424,471",223467.97,"2,902,988",1.15,12,2031.08,"241,715",21.26,850,-,-,1883.26,"240,687",126.56,178,6570.42,"234,177",5595.27,"197,274",2755.56,"73,835",2839.71,"123,439",975.14,"36,903",718.05,"24,269",257.09,"12,633",8573.06,"28,125",6768.34,"22,201",1804.72,"5,924",809.55,"1,244",995.17,"4,680",454.32,"693,190",454.32,"693,190",0.00,0,256455.78,"9,437,739",256771.34,"28,686,328",256317.02,"27,993,139",206898.70,"4,189,507",10611.15,"711,134",196287.56,"3,478,373",3411.08,"13,631,120",760.41,"7,034,310",2650.67,"6,596,810",4126.95,"231,125",6.40,365,4103.23,"229,849",17.32,911,0.11,2,0.08,2,0.03,0,903.83,"26,214",903.83,"26,214",11431.30,-,1194.59,0,10236.70,-,23185.47,-,18390.92,-,4794.55,0,2.54,-,2.16,-,0.38,-,13.68,-,114.47,-,56.17,-,7708.29,-
,Mar-2026,4.44,"30,819,254",1.51,"16,548,550",0.84,"1,200,663",0.46,"6,833,924",0.22,"8,513,963",2.76,"13,006,222",0.17,"1,264,482",367.45,"23,758,759",366.26,"22,131,384",1.20,"1,627,375",244356.27,"9,619,673",0.27,16,3335.83,"83,656",-,-,3656.79,"740,176",1561.87,"181,678",9390.43,"5,661,604",226411.08,"2,952,542",1.23,13,2075.65,"257,724",20.99,800,-,-,1927.45,"256,744",127.21,180,6787.94,"257,443",5774.77,"219,495",2840.35,"78,470",2934.41,"141,024",1013.17,"37,948",749.32,"24,346",263.85,"13,602",8749.63,"28,563",6959.28,"22,448",1790.35,"6,114",795.76,"1,343",994.59,"4,771",491.89,"691,723",491.89,"691,723",0.00,0,262461.38,"10,855,126",262828.83,"34,613,885",262336.94,"33,922,162",208803.96,"4,386,940",10802.29,"764,233",198001.67,"3,622,707",3869.61,"16,819,300",888.88,"8,836,592",2980.72,"7,982,708",4465.04,"249,762",7.08,408,4439.99,"248,419",17.97,935,0.14,2,0.10,2,0.04,0,1075.37,"30,529",1075.37,"30,529",11632.02,-,1186.34,-,10445.69,-,22992.54,-,18253.42,-,4739.13,-,2.54,-,2.16,-,0.38,-,13.90,-,117.69,-,56.33,-,7612.17,-
,Feb-2026,4.37,"29,363,078",1.62,"17,227,564",0.94,"1,339,433",0.46,"6,696,115",0.22,"9,192,017",2.62,"11,010,746",0.13,"1,124,767",305.85,"18,859,418",304.72,"17,509,377",1.14,"1,350,041",219247.40,"7,793,908",0.23,14,2119.52,"51,081",-,0,3360.96,"642,474",1702.37,"164,970",8122.47,"4,251,141",203941.84,"2,684,229",2.32,25,1989.09,"235,001",16.45,636,-,-,1849.39,"234,191",123.25,174,5855.08,"210,427",4937.96,"177,292",2434.00,"67,435",2503.95,"109,857",917.12,"33,135",689.77,"21,862",227.36,"11,273",8359.24,"25,969",6652.06,"19,829",1707.18,"6,140",793.50,"1,427",913.68,"4,713",430.51,"579,783",430.51,"579,783",0.00,0,235881.31,"8,845,088",236187.16,"27,704,507",235756.65,"27,124,723",186834.81,"3,914,512",9717.48,"685,836",177117.33,"3,228,676",3521.30,"13,824,038",804.89,"7,438,766",2716.41,"6,385,272",4168.36,"231,465",6.35,364,4145.12,"230,242",16.89,859,0.14,2,0.11,2,0.03,0,867.37,"24,595",867.37,"24,595",11594.71,-,1177.05,-,10417.67,-,22672.93,-,17930.53,-,4742.40,-,2.53,-,2.15,-,0.38,-,13.90,-,116.65,-,58.97,-,7542.04,-
,Jan-2026,4.35,"32,155,354",1.61,"18,709,470",0.90,"1,235,356",0.46,"7,775,968",0.25,"9,698,147",2.64,"12,450,917",0.10,"994,967",316.99,"19,176,704",315.76,"17,580,604",1.23,"1,596,100",233364.66,"8,078,680",0.24,14,2616.49,"81,195",-,-,3740.33,"672,989",1248.95,"161,580",8724.20,"4,329,421",217034.45,"2,833,481",1.14,12,2016.80,"240,345",17.87,648,-,-,1865.64,"239,514",133.29,184,6415.41,"237,042",5397.11,"199,085",2674.95,"75,988",2722.16,"123,097",1018.29,"37,957",773.20,"25,513",245.10,"12,444",9537.91,"27,626",7716.41,"20,985",1821.50,"6,641",827.76,"1,582",993.74,"5,059",458.71,"601,415",458.71,"601,415",0.00,0,251793.49,"9,185,108",252110.48,"28,361,812",251651.77,"27,760,397",199030.19,"4,120,743",10652.94,"709,083",188377.24,"3,411,659",3722.95,"13,897,998",844.98,"7,378,948",2877.97,"6,519,051",4437.06,"240,472",6.97,394,4412.00,"239,172",18.09,906,0.15,2,0.12,2,0.02,0,956.67,"24,737",956.67,"24,737",11544.09,-,1166.52,-,10377.57,-,22053.38,-,17268.45,-,4784.92,-,2.52,-,2.14,-,0.38,-,13.92,-,115.45,-,58.44,-,7383.80,"7,574"
,Dec-2025,5.07,"34,813,891",1.71,"20,459,216",0.94,"1,358,772",0.51,"9,176,297",0.26,"9,924,147",3.27,"13,484,010",0.10,"870,666",317.67,"21,969,481",316.41,"19,992,108",1.26,"1,977,373",232522.27,"8,086,110",0.21,12,2357.78,"81,224",0.00,0,3799.33,"662,452",1240.69,"168,800",8777.58,"4,376,909",216346.68,"2,796,713",0.52,5,2012.39,"242,667",17.39,600,0.00,0,1858.15,"241,878",136.85,189,6447.58,"241,961",5398.34,"204,687",2726.32,"78,476",2672.02,"126,210",1049.24,"37,274",794.35,"24,599",254.89,"12,675",9755.15,"27,044",8094.62,"20,834",1660.53,"6,210",694.23,"1,391",966.30,"4,819",476.39,"620,352",476.39,"620,352",0.00,0,251213.79,"9,218,135",251531.46,"31,187,617",251055.07,"30,567,264",198740.92,"4,029,352",10679.51,"694,233",188061.41,"3,335,119",3757.66,"15,193,135",875.29,"8,063,055",2882.36,"7,130,080",4469.09,"240,222",6.96,393,4444.02,"238,925",18.11,904,0.14,2,0.12,2,0.02,0,926.03,"24,083",926.03,"24,083",11501.38,-,1157.92,0,10343.46,0,20873.16,-,16170.73,0,4702.43,0,2.50,-,2.13,0,0.37,0,14.15,0,114.75,0,58.90,0,7313.65,"7,504"
,Nov-2025,4.08,"28,209,256",1.53,"17,161,813",0.88,"1,226,375",0.44,"7,838,569",0.21,"8,096,869",2.46,"10,100,567",0.08,"946,876",284.89,"16,881,605",283.75,"15,505,696",1.14,"1,375,908",221600.52,"7,313,610",0.26,11,3375.31,"69,483",-,-,3689.31,"615,177",1690.81,"163,208",8175.04,"3,834,099",204669.79,"2,631,633",0.56,7,1987.04,"226,304",19.28,609,-,-,1835.73,"225,517",132.03,178,6041.95,"222,942",5029.84,"188,799",2538.40,"75,640",2491.45,"113,159",1012.11,"34,143",763.31,"22,754",248.80,"11,389",8973.35,"24,639",7347.33,"19,265",1626.02,"5,374",682.35,"1,365",943.66,"4,010",448.60,"570,251",448.60,"570,251",0.00,0,239051.46,"8,357,746",239336.34,"25,239,350",238887.74,"24,669,100",187787.15,"3,769,403",10306.94,"637,681",177480.21,"3,131,722",3527.10,"11,864,143",809.63,"6,241,771",2717.48,"5,622,372",4404.78,"235,313",6.72,378,4380.23,"234,055",17.83,880,0.14,2,0.12,2,0.02,0,1048.96,"27,358",1048.96,"27,358",11467.05,-,1150.02,-,10317.03,-,19107.13,-,14410.18,-,4696.95,-,2.51,-,2.13,-,0.37,-,14.27,-,112.53,-,59.53,-,7282.00,"7,471"
,Oct-2025,4.25,"30,434,601",1.63,"18,365,111",0.95,"1,439,939",0.46,"8,365,990",0.23,"8,559,182",2.51,"11,161,871",0.11,"907,620",296.76,"18,732,702",295.56,"17,108,666",1.20,"1,624,036",224318.23,"7,851,867",0.27,12,2745.64,"43,353",-,-,4035.88,"641,964",1736.26,"165,141",8790.97,"4,273,608",207009.21,"2,727,791",1.14,13,1964.66,"223,881",20.58,661,-,-,1812.26,"223,048",131.82,172,6279.14,"256,373",5182.90,"214,230",2609.42,"88,357",2573.48,"125,873",1096.25,"42,143",828.79,"29,104",267.46,"13,039",8939.26,"24,227",7281.56,"18,515",1657.70,"5,712",649.16,"1,274",1008.54,"4,437",452.12,"574,554",452.12,"574,554",0.00,0,241953.42,"8,930,903",242250.18,"27,663,605",241798.06,"27,089,051",190010.12,"3,908,175",10880.39,"685,229",179129.73,"3,222,946",3803.42,"13,199,799",872.08,"6,840,494",2931.34,"6,359,305",4661.98,"251,643",7.12,404,4636.34,"250,321",18.53,917,0.15,2,0.13,2,0.02,0,1084.34,"29,379",1084.34,"29,379",11412.84,-,1141.34,-,10271.50,-,17710.95,-,12993.66,-,4717.28,-,2.50,-,2.13,-,0.37,-,14.65,-,123.08,-,60.48,-,7174.34,"7,375"
,Sep-2025,4.95,"30,270,023",1.75,"18,003,263",1.04,"1,499,643",0.48,"7,926,471",0.23,"8,577,149",3.11,"11,417,001",0.09,"849,759",280.83,"19,836,942",279.64,"18,220,475",1.19,"1,616,467",213074.92,"7,543,380",0.26,12,2542.90,"41,746",-,-,3943.79,"596,847",1850.43,"149,729",8403.21,"4,265,310",196334.33,"2,489,737",0.94,10,1926.97,"222,919",18.90,591,-,-,1786.47,"222,164",121.60,164,5999.80,"253,483",4952.41,"216,707",2416.15,"72,544",2536.26,"144,163",1047.39,"36,776",777.56,"22,773",269.83,"14,003",8551.51,"22,637",6871.58,"17,183",1679.93,"5,454",688.72,"1,092",991.22,"4,362",464.86,"570,467",464.86,"570,467",0.00,0,230018.06,"8,612,885",230298.89,"28,449,827",229834.03,"27,879,360",181008.61,"3,618,114",10469.49,"633,733",170539.12,"2,984,381",3755.37,"13,654,298",853.80,"7,091,903",2901.57,"6,562,395",4395.48,"230,952",6.69,369,4370.90,"229,713",17.89,870,0.12,2,0.10,1,0.02,0,1034.96,"26,356",1034.96,"26,356",11383.16,-,1135.07,-,10248.09,-,16180.40,-,11478.95,-,4701.45,-,2.49,-,2.12,-,0.37,-,14.60,-,121.16,-,60.71,-,7089.75,"7,289"
,Aug-2025,4.28,"28,151,946",1.50,"16,614,170",0.81,"1,240,951",0.47,"7,489,700",0.22,"7,883,520",2.69,"10,788,097",0.10,"749,679",259.68,"16,371,216",258.52,"14,993,007",1.16,"1,378,209",218816.17,"7,102,303",0.31,16,3817.08,"66,150",-,-,4772.62,"597,549",1854.46,"167,856",8288.60,"3,785,260",200083.10,"2,485,473",0.69,7,1929.02,"214,928",25.38,718,-,-,1764.13,"214,031",139.51,178,6056.57,"228,576",4935.77,"191,170",2501.63,"72,753",2434.15,"118,417",1120.80,"37,406",843.59,"24,663",277.21,"12,743",7966.16,"22,253",6246.19,"17,169",1719.97,"5,083",669.51,"1,030",1050.45,"4,054",446.03,"540,025",446.03,"540,025",0.00,0,235213.95,"8,108,084",235473.63,"24,479,300",235027.60,"23,939,275",184421.97,"3,539,156",10513.94,"605,043",173908.03,"2,934,113",3638.12,"11,554,723",798.11,"6,020,479",2840.01,"5,534,243",4625.94,"240,098",6.71,366,4601.37,"238,883",17.86,849,0.13,1,0.10,1,0.02,0,1245.48,"31,157",1245.48,"31,157",11305.38,-,1124.96,-,10180.42,-,14584.13,-,9692.18,-,4891.95,-,2.49,-,2.12,-,0.36,-,14.71,-,119.65,-,65.73,-,6977.47,"7,180"
,Jul-2025,5.21,"32,781,616",1.63,"19,293,299",0.84,"1,274,228",0.55,"8,664,018",0.24,"9,355,053",3.48,"12,739,681",0.10,"748,636",277.67,"18,863,902",276.46,"16,624,624",1.21,"2,239,279",212335.07,"7,319,321",0.31,16,2705.04,"42,355",-,-,4821.90,"631,411",1628.20,"143,081",8500.14,"3,993,960",194679.48,"2,508,498",1.59,31,1912.72,"217,899",19.95,619,-,-,1753.66,"217,102",139.11,179,5982.42,"231,987",4861.81,"193,849",2432.75,"70,380",2429.06,"123,469",1120.61,"38,138",832.19,"23,921",288.42,"14,216",7124.06,"20,758",5431.45,"16,915",1692.61,"3,842",660.66,908,1031.95,"2,935",494.59,"607,504",494.59,"607,504",0.00,0,227848.86,"8,397,469",228126.54,"27,261,371",227631.95,"26,653,867",180367.99,"3,658,441",10205.69,"634,811",170162.30,"3,023,629",3987.57,"12,803,198",935.66,"6,734,105",3051.90,"6,069,093",4472.41,"232,955",6.63,362,4447.66,"231,722",18.13,871,0.13,1,0.11,1,0.02,0,996.95,"25,574",996.95,"25,574",11245.35,-,1118.08,-,10127.27,-,13746.53,-,8870.16,-,4876.37,-,2.49,-,2.13,-,0.36,-,14.67,-,119.13,-,66.41,-,6880.31,"7,083"
,Jun-2025,5.30,"30,959,727",1.77,"17,946,468",1.05,"1,611,829",0.51,"7,894,091",0.21,"8,440,549",3.39,"11,968,143",0.14,"1,045,117",254.88,"19,012,360",253.73,"16,983,278",1.15,"2,029,082",200519.84,"6,957,478",0.30,16,2841.94,"48,247",-,-,4481.05,"606,356",1325.97,"134,188",7920.52,"3,764,742",183950.06,"2,403,931",1.18,21,1891.36,"210,754",18.27,615,-,-,1728.39,"209,956",144.70,183,5672.82,"218,552",4587.10,"183,088",2338.70,"67,468",2248.41,"115,620",1085.72,"35,463",812.90,"23,079",272.82,"12,384",6868.39,"20,740",5338.82,"17,308",1529.57,"3,432",595.05,888,934.51,"2,544",447.43,"550,176",447.43,"550,176",0.00,0,215399.84,"7,957,700",215654.72,"26,970,060",215207.29,"26,419,884",170640.06,"3,467,471",9560.56,"611,425",161079.50,"2,856,046",3635.82,"12,824,960",839.90,"6,918,867",2795.92,"5,906,093",4382.08,"229,907",6.28,345,4358.58,"228,735",17.22,827,0.14,1,0.11,1,0.02,0,944.62,"25,646",944.62,"25,646",11161.50,-,1109.69,-,10051.80,-,13520.65,-,8681.92,-,4838.73,-,2.51,-,2.15,-,0.36,-,14.59,-,117.83,-,66.99,-,6781.61,"6,984"
,May-2025,5.48,"29,656,042",1.94,"17,500,816",1.28,"1,875,057",0.45,"7,645,792",0.21,"7,979,967",3.44,"11,363,617",0.10,"791,608",274.71,"17,013,770",273.46,"15,219,873",1.25,"1,793,897",203656.72,"7,146,649",0.31,17,2786.17,"50,985",-,-,4636.60,"640,867",1243.57,"147,380",8215.47,"3,793,103",186774.60,"2,514,297",1.79,33,1895.74,"206,368",19.51,641,-,-,1723.65,"205,535",152.58,192,5827.40,"226,810",4676.93,"189,832",2359.14,"69,607",2317.79,"120,224",1150.47,"36,978",861.57,"24,735",288.90,"12,243",7106.39,"20,722",5474.25,"16,668",1632.13,"4,053",650.54,981,981.59,"3,072",481.93,"596,239",481.93,"596,239",0.00,0,218968.18,"8,196,787",219242.89,"25,210,557",218760.96,"24,614,318",173238.86,"3,641,732",9743.76,"638,768",163495.10,"3,002,964",3668.66,"11,661,241",851.54,"6,068,349",2817.12,"5,592,892",4604.61,"246,201",6.70,370,4579.88,"244,945",18.03,886,0.15,2,0.13,1,0.03,0,1017.25,"27,668",1017.25,"27,668",11114.19,-,1110.50,-,10003.70,-,13518.33,-,8696.94,-,4821.38,-,2.57,-,2.21,-,0.36,-,14.78,-,115.81,-,66.42,-,6697.30,"6,897"
,Apr-2025,5.07,"29,399,814",1.89,"16,657,576",1.30,"2,017,823",0.38,"7,078,422",0.20,"7,561,331",3.07,"11,992,139",0.11,"750,099",262.41,"16,895,789",261.16,"15,060,026",1.24,"1,835,763",194925.94,"7,126,205",0.30,16,2610.51,"57,566",-,-,4492.53,"621,666",1200.84,"154,683",7687.52,"3,897,348",178934.24,"2,394,926",1.22,13,1869.90,"198,565",17.39,601,-,-,1709.27,"197,780",143.24,184,5673.64,"222,351",4502.70,"184,237",2281.41,"67,899",2221.29,"116,338",1170.93,"38,113",875.30,"26,187",295.63,"11,926",6768.43,"21,254",5157.38,"15,896",1611.04,"5,358",649.25,"1,093",961.79,"4,265",494.77,"645,079",494.77,"645,079",0.00,0,209732.67,"8,213,454",209995.08,"25,109,243",209500.31,"24,464,164",165826.22,"3,504,510",9304.80,"617,807",156521.42,"2,886,703",3653.49,"11,633,517",838.00,"6,048,107",2815.49,"5,585,409",4602.65,"244,747",6.86,373,4578.06,"243,494",17.73,881,0.17,2,0.15,1,0.02,0,928.36,"25,662",928.36,"25,662",11064.21,-,1104.37,-,9959.84,-,13449.86,-,8724.36,-,4725.51,-,2.55,-,2.19,-,0.36,-,14.74,-,112.83,-,66.64,-,6623.85,"6,821"
,Mar-2025,4.36,"27,936,158",1.33,"15,356,048",0.76,"1,297,378",0.36,"6,589,738",0.21,"7,468,932",2.94,"11,758,724",0.09,"821,387",307.03,"21,401,969",305.71,"19,394,683",1.32,"2,007,287",202008.61,"8,242,601",0.31,16,3506.60,"66,841",-,-,4616.39,"667,813",1861.26,"176,401",9008.97,"4,854,308",183015.08,"2,477,222",1.26,14,1891.35,"211,047",19.59,611,-,-,1724.79,"210,246",146.97,191,5789.52,"240,549",4586.50,"201,494",2302.66,"71,473",2283.84,"130,021",1203.02,"39,055",895.82,"25,818",307.20,"13,237",6783.69,"21,465",5061.17,"16,077",1722.52,"5,388",648.24,"1,016",1074.28,"4,372",531.76,"659,873",531.76,"659,873",0.00,0,217004.93,"9,375,535",217311.96,"30,777,505",216780.20,"30,117,631",171174.23,"3,769,671",9863.76,"670,272",161310.47,"3,099,400",4096.24,"13,992,340",1009.09,"7,319,249",3087.15,"6,673,091",4983.78,"263,892",7.43,410,4957.22,"262,540",19.13,942,0.22,2,0.19,2,0.03,0,1102.31,"29,561",1102.31,"29,561",11006.97,-,1098.85,-,9908.12,-,13401.46,-,8678.44,-,4723.02,-,2.56,-,2.20,-,0.36,-,14.82,-,110.98,-,67.18,-,6579.30,"6,775"
,Feb-2025,3.72,"25,171,733",1.16,"14,137,926",0.63,"1,088,598",0.33,"5,916,603",0.20,"7,132,725",2.45,"9,957,432",0.12,"1,076,374",244.20,"16,099,371",243.05,"14,226,027",1.16,"1,873,344",177394.61,"6,497,660",0.28,16,3103.12,"57,097",-,-,4048.29,"563,082",1533.06,"140,881",7647.93,"3,540,103",161061.93,"2,196,482",1.15,13,1862.80,"193,068",15.67,494,-,-,1701.10,"192,387",146.03,186,5052.09,"201,522",3969.59,"167,208",1999.96,"62,125",1969.63,"105,083",1082.50,"34,314",803.42,"23,216",279.07,"11,098",6398.44,"19,236",4850.75,"14,404",1547.69,"4,833",641.84,969,905.86,"3,863",462.02,"540,834",462.02,"540,834",0.00,0,191169.95,"7,452,321",191414.16,"23,551,692",190952.14,"23,010,857",150031.46,"3,215,517",8703.42,"558,355",141328.04,"2,657,162",3635.80,"10,339,284",1003.69,"5,354,635",2632.11,"4,984,649",4497.97,"235,618",6.84,370,4473.77,"234,408",17.36,840,0.22,2,0.19,2,0.03,0,921.64,"23,605",921.64,"23,605",10949.92,-,1093.15,-,9856.77,-,13619.31,-,9006.43,-,4612.88,-,2.58,-,2.22,-,0.36,-,14.68,-,107.18,-,65.48,-,6496.91,"6,687"
,Jan-2025,4.88,"30,296,790",1.77,"17,807,347",1.10,"1,627,265",0.41,"7,288,494",0.25,"8,891,588",2.94,"11,164,125",0.17,"1,325,318",268.15,"17,499,363",266.89,"15,571,748",1.26,"1,927,615",186538.41,"7,000,487",0.31,18,2263.21,"52,280",-,-,4442.23,"606,420",1304.72,"145,699",8567.93,"3,848,033",169960.01,"2,348,037",1.38,16,1878.45,"199,535",15.79,486,-,-,1715.83,"198,857",146.83,193,5522.42,"223,090",4305.72,"184,126",2177.43,"69,429",2128.29,"114,697",1216.69,"38,963",910.91,"25,999",305.78,"12,965",6547.10,"19,496",4875.14,"14,700",1671.97,"4,796",701.18,"1,000",970.79,"3,796",516.61,"606,756",516.61,"606,756",0.00,0,201003.00,"8,049,363",201271.14,"25,548,726",200754.53,"24,941,970",158794.78,"3,451,865",9234.72,"607,541",149560.06,"2,844,325",4167.05,"11,639,721",1212.87,"6,130,804",2954.18,"5,508,917",4910.07,"251,938",7.79,412,4883.53,"250,646",18.75,879,0.27,3,0.24,3,0.03,0,915.09,"23,246",915.09,"23,246",10909.12,-,1088.73,-,9820.39,-,13466.32,-,8957.73,-,4508.59,-,2.57,-,2.21,-,0.36,-,14.74,-,103.53,-,64.43,-,6401.65,"6,587"
,Dec-2024,3.78,"27,448,820",1.49,"16,506,680",0.84,"1,348,782",0.41,"6,377,679",0.24,"8,780,219",2.16,"9,919,285",0.13,"1,022,855",262.29,"19,163,587",261.11,"17,161,423",1.17,"2,002,163",183786.41,"6,935,632",0.31,17,2451.41,"58,705",-,-,4411.64,"601,549",1315.94,"135,695",8307.02,"3,814,966",167300.09,"2,324,700",1.56,16,1905.47,"198,303",17.18,547,-,-,1738.32,"197,549",149.97,207,5608.59,"228,548",4328.50,"187,949",2240.03,"73,048",2088.46,"114,901",1280.10,"40,599",964.50,"27,609",315.60,"12,990",6377.99,"18,992",4830.75,"14,437",1547.24,"4,556",684.93,991,862.31,"3,565",506.56,"587,879",506.56,"587,879",0.00,0,198185.02,"7,969,354",198447.31,"27,132,941",197940.75,"26,545,062",156763.28,"3,455,808",9183.14,"618,347",147580.14,"2,837,461",4072.71,"12,203,095",1155.00,"6,414,756",2917.71,"5,788,339",4950.77,"252,471",8.12,429,4923.54,"251,161",19.11,881,0.29,3,0.26,3,0.03,0,910.87,"23,195",910.87,"23,195",10990.04,-,1080.56,-,9909.48,-,13272.19,-,8907.25,-,4364.94,-,2.55,-,2.19,-,0.36,-,14.76,-,100.01,-,63.83,-,6335.30,"6,516"
,Nov-2024,2.61,"20,592,498",1.10,"13,954,925",0.54,"847,485",0.35,"5,366,007",0.20,"7,741,434",1.40,"5,972,544",0.11,"665,029",240.29,"14,826,882",239.16,"13,504,833",1.12,"1,322,050",170358.50,"6,274,182",0.30,14,2250.97,"32,384",-,-,4079.18,"558,328",1438.33,"147,385",7769.51,"3,380,884",154820.21,"2,155,187",1.56,16,1894.74,"185,643",19.29,629,-,-,1732.94,"184,814",142.51,200,5167.93,"208,308",3936.04,"169,298",2036.02,"68,233",1900.02,"101,065",1231.89,"39,010",916.24,"26,677",315.65,"12,333",5847.81,"19,214",4462.09,"13,130",1385.72,"6,083",663.27,915,722.45,"5,168",472.48,"537,849",472.48,"537,849",0.00,0,183741.46,"7,225,196",183981.74,"22,052,079",183509.26,"21,514,230",144940.69,"3,215,536",8518.57,"598,559",136422.12,"2,616,978",3659.77,"9,925,228",1025.12,"5,097,948",2634.64,"4,827,279",4760.71,"241,717",7.75,410,4734.61,"240,471",18.35,837,0.28,3,0.27,3,0.02,0,898.33,"22,981",898.33,"22,981",10868.11,-,1072.40,-,9795.72,-,15627.20,-,11463.53,-,4163.66,-,2.55,-,2.20,-,0.35,-,14.52,-,96.91,-,63.60,-,6261.80,"6,439"
,Oct-2024,3.59,"25,730,864",1.69,"16,664,120",1.04,"1,626,397",0.41,"6,573,748",0.23,"8,463,975",1.74,"8,046,345",0.16,"1,020,399",267.92,"17,070,975",266.69,"15,418,778",1.23,"1,652,197",185187.17,"7,358,283",0.31,17,4021.91,"69,157",-,-,4668.23,"629,382",1463.68,"157,479",9183.38,"4,152,428",165849.66,"2,349,821",1.64,18,1871.73,"189,818",24.54,773,-,-,1710.21,"188,844",136.98,202,5759.31,"248,619",4332.14,"201,789",2196.73,"79,293",2135.41,"122,496",1427.17,"46,830",1060.17,"32,091",367.00,"14,738",5977.88,"20,419",4425.20,"13,074",1552.68,"7,345",718.88,981,833.81,"6,365",546.98,"624,057",546.98,"624,057",0.00,0,199343.07,"8,441,196",199610.99,"25,512,171",199064.01,"24,888,114",154876.80,"3,532,243",9126.58,"657,333",145750.22,"2,874,910",4259.90,"11,281,098",1152.19,"5,801,815",3107.71,"5,479,282",5545.04,"285,506",8.32,444,5515.23,"284,076",21.49,985,0.29,3,0.28,3,0.01,0,1227.30,"31,480",1227.30,"31,480",10878.00,-,1068.90,-,9809.11,-,15503.38,-,11439.31,-,4064.07,-,2.56,-,2.21,-,0.35,-,14.51,-,95.09,-,64.31,-,6168.52,"6,345"
,Sep-2024,4.08,"23,840,258",1.57,"14,750,412",0.99,"1,468,346",0.37,"6,038,102",0.21,"7,243,965",2.40,"8,415,273",0.11,"674,573",233.33,"17,786,483",232.21,"16,027,655",1.12,"1,758,828",166626.30,"6,384,754",0.30,14,2342.41,"35,550",-,-,4299.36,"565,233",1657.93,"122,079",7908.83,"3,597,885",150417.47,"2,063,995",1.31,14,1805.36,"180,707",18.81,568,-,-,1651.69,"179,945",134.86,193,5275.26,"216,304",3921.62,"176,202",1978.05,"60,857",1943.57,"115,345",1353.64,"40,102",995.05,"25,777",358.59,"14,325",5476.69,"17,489",4054.95,"11,889",1421.74,"5,600",721.65,858,700.09,"4,743",484.94,"543,387",484.94,"543,387",0.00,0,179668.57,"7,342,641",179901.90,"25,129,124",179416.96,"24,585,737",144028.12,"3,157,064",10596.33,"617,325",133431.79,"2,539,739",3911.28,"11,251,665",1103.93,"5,946,842",2807.35,"5,304,823",4949.81,"245,223",8.02,417,4922.18,"243,930",19.62,876,0.27,3,0.25,3,0.01,0,975.12,"23,389",975.12,"23,389",10793.85,-,1061.03,-,9732.82,-,15339.99,-,11381.79,-,3958.20,-,2.55,-,2.20,-,0.35,-,14.53,-,93.43,-,64.16,-,6070.79,"6,245"
,Aug-2024,3.88,"23,205,978",1.62,"15,544,033",0.99,"1,468,219",0.41,"6,391,039",0.22,"7,684,775",2.13,"6,911,072",0.13,"750,873",237.53,"15,910,436",236.33,"14,385,410",1.19,"1,525,025",166465.50,"6,408,703",0.31,13,2783.25,"35,283",-,-,4533.37,"577,888",1534.87,"144,196",7983.23,"3,590,588",149630.47,"2,060,736",1.45,15,1774.78,"177,162",19.06,576,-,-,1621.10,"176,386",134.62,199,5322.94,"211,726",3900.49,"168,184",2023.95,"63,048",1876.54,"105,136",1422.45,"43,542",1061.40,"29,346",361.05,"14,196",5466.90,"16,555",4092.83,"11,599",1374.07,"4,956",710.24,908,663.82,"4,048",508.49,"568,848",508.49,"568,848",0.00,0,179538.61,"7,382,994",179776.13,"23,293,430",179267.64,"22,724,582",144463.15,"3,182,912",10667.99,"614,654",133795.17,"2,568,258",3980.06,"10,547,357",1159.37,"5,630,895",2820.69,"4,916,461",5157.20,"255,021",8.46,434,5128.53,"253,703",20.20,883,0.31,3,0.28,3,0.02,0,972.97,"23,935",972.97,"23,935",10739.74,-,1054.24,-,9685.49,-,15182.13,-,11322.72,-,3859.41,-,2.55,-,2.20,-,0.35,-,14.50,-,93.01,-,63.97,-,5912.93,"6,087"
,Jul-2024,4.54,"25,280,807",1.71,"17,139,102",1.03,"1,524,120",0.44,"7,150,905",0.23,"8,464,077",2.71,"7,417,106",0.12,"724,598",246.68,"15,970,680",245.48,"14,531,533",1.19,"1,439,147",161225.51,"6,480,748",0.31,13,2481.39,"28,605",-,-,4902.84,"593,177",1479.29,"132,397",8006.14,"3,662,264",144355.54,"2,064,292",1.40,15,1734.76,"175,789",19.25,575,-,-,1588.11,"175,014",127.40,200,5294.35,"217,435",3837.80,"172,670",1970.94,"62,284",1866.86,"110,386",1456.56,"44,765",1068.58,"28,600",387.98,"16,165",5356.71,"16,327",4009.69,"11,386",1347.01,"4,941",713.97,940,633.05,"4,001",531.00,"610,685",531.00,"610,685",0.00,0,174142.33,"7,500,984",174389.01,"23,471,665",173858.01,"22,860,979",138523.69,"3,141,241",8897.45,"584,669",129626.24,"2,556,572",4305.75,"10,958,678",1227.41,"5,820,942",3078.34,"5,137,737",5069.38,"250,318",8.54,433,5040.14,"248,968",20.70,917,0.29,3,0.27,3,0.02,0,944.29,"23,498",944.29,"23,498",10677.71,-,1045.68,-,9632.02,-,15211.22,-,11419.62,-,3791.61,-,2.55,-,2.21,-,0.34,-,14.78,-,89.72,-,61.87,-,5851.14,"6,020"
,Jun-2024,4.36,"22,580,094",1.60,"15,107,943",0.97,"1,372,786",0.42,"6,414,226",0.21,"7,320,931",2.67,"6,953,169",0.09,"518,982",231.84,"16,037,694",230.72,"14,570,686",1.12,"1,467,008",155567.02,"6,073,917",0.30,16,2929.34,"43,676",-,-,5167.51,"577,794",1311.11,"113,888",7307.34,"3,331,461",138851.42,"2,007,081",1.41,15,1697.73,"171,469",21.07,581,-,-,1544.59,"170,756",132.07,132,5003.43,"200,081",3579.49,"158,822",1895.40,"59,417",1684.10,"99,405",1423.94,"41,259",1063.58,"27,629",360.36,"13,629",5236.08,"15,897",4038.05,"11,298",1198.03,"4,599",650.89,946,547.14,"3,653",484.42,"553,834",484.42,"553,834",0.00,0,167988.69,"7,015,198",168220.52,"23,052,892",167736.10,"22,499,058",132846.07,"3,029,193",8784.73,"557,266",124061.34,"2,471,927",3780.42,"10,487,118",1029.33,"5,573,973",2751.09,"4,913,144",5076.57,"255,229",8.29,426,5045.81,"253,844",22.47,959,0.28,3,0.27,3,0.02,0,973.79,"24,426",973.79,"24,426",10662.37,-,1038.13,-,9624.24,-,15051.30,-,11375.61,-,3675.69,-,2.56,-,2.21,-,0.35,-,15.25,-,89.67,-,61.64,-,5770.15,"5,939"
,May-2024,4.07,"22,018,913",1.60,"14,632,648",0.98,"1,363,203",0.43,"6,669,493",0.19,"6,599,952",2.37,"6,780,829",0.10,"605,436",249.71,"15,186,947",248.49,"13,559,606",1.22,"1,627,340",156773.59,"6,279,019",0.31,18,2295.50,"37,499",-,-,5576.99,"606,167",1074.61,"132,404",7467.75,"3,457,995",140358.43,"2,044,937",1.62,17,1698.67,"167,035",19.33,506,-,-,1539.23,"166,305",140.11,225,5105.17,"208,520",3601.36,"164,955",1906.58,"63,831",1694.78,"101,124",1503.82,"43,565",1114.35,"29,772",389.47,"13,793",5496.00,"16,697",4204.49,"11,566",1291.51,"5,131",689.94,"1,027",601.57,"4,104",524.39,"611,518",524.39,"611,518",0.00,0,169597.82,"7,282,789",169847.53,"22,469,736",169323.14,"21,858,218",133232.33,"3,092,908",8851.50,"571,075",124380.84,"2,521,832",3812.36,"9,595,069",1012.11,"4,905,987",2800.25,"4,689,082",5166.41,"260,240",8.63,441,5133.52,"258,785",24.26,"1,014",0.33,3,0.31,3,0.02,0,879.79,"22,804",879.79,"22,804",10598.99,-,1033.00,-,9565.98,-,14840.92,-,11302.14,-,3538.78,-,2.57,-,2.22,-,0.36,-,15.69,-,88.04,-,61.21,-,5690.84,"5,858"
,Apr-2024,3.53,"22,115,118",1.25,"14,132,535",0.68,"1,023,439",0.38,"6,510,577",0.19,"6,598,519",2.17,"7,343,662",0.11,"638,922",235.59,"14,433,296",234.46,"12,800,746",1.12,"1,632,550",149083.29,"5,945,989",0.29,19,2535.32,"36,959",-,-,5503.65,"592,279",964.06,"121,718",7040.03,"3,230,549",133039.94,"1,964,465",1.52,18,1644.10,"159,006",20.50,563,-,-,1494.37,"158,223",129.23,220,4960.12,"200,409",3441.51,"156,498",1843.36,"61,982",1598.15,"94,516",1518.61,"43,911",1126.31,"30,022",392.30,"13,889",5288.79,"14,964",3993.29,"10,507",1295.49,"4,457",695.13,962,600.37,"3,495",525.73,"667,829",525.73,"667,829",0.00,0,161502.02,"6,988,198",161737.61,"21,421,494",161211.88,"20,753,665",127302.31,"2,962,262",8373.78,"552,044",118928.53,"2,410,218",3796.75,"9,637,480",966.25,"5,089,149",2830.50,"4,548,332",5240.40,"265,905",9.07,458,5207.60,"264,457",23.73,990,0.52,5,0.50,5,0.02,0,919.05,"24,502",919.05,"24,502",10534.85,-,1025.40,-,9509.45,-,14716.82,-,11294.83,-,3421.99,-,2.57,-,2.23,-,0.35,-,17.44,-,88.39,-,60.73,-,5597.20,"5,766"
,Mar-2024,3.48,"21,627,756",1.14,"13,374,679",0.60,"981,057",0.35,"6,226,720",0.19,"6,166,902",2.27,"7,795,104",0.07,"457,973",278.47,"18,128,366",277.25,"16,588,625",1.22,"1,539,741",152969.08,"7,152,557",0.34,22,3014.53,"44,707",-,-,5806.36,"634,706",1808.71,"173,928",7939.10,"4,320,840",134400.04,"1,978,353",1.78,20,1661.00,"165,047",22.68,584,-,-,1492.00,"164,223",146.32,240,5034.13,"209,208",3439.38,"164,459",1800.04,"60,378",1639.34,"104,081",1594.75,"44,749",1163.77,"29,309",430.98,"15,440",5804.85,"18,200",4489.88,"13,741",1314.97,"4,459",699.02,964,615.95,"3,495",585.31,"688,745",585.31,"688,745",0.00,0,166054.37,"8,233,757",166332.85,"26,362,123",165747.54,"25,673,378",128625.58,"3,131,961",8771.04,"602,816",119854.54,"2,529,145",4250.54,"10,374,045",1142.99,"5,235,835",3107.55,"5,138,210",5563.96,"278,271",8.83,446,5528.63,"276,714",26.50,"1,111",0.53,5,0.51,5,0.02,0,1059.56,"27,303",1059.56,"27,303",10667.22,-,1018.03,-,9649.19,-,16743.63,-,13381.80,-,3361.82,-,2.58,-,2.23,-,0.35,-,17.55,-,89.03,-,62.50,-,3434.93,"3,607"
,Feb-2024,3.60,"21,907,760",1.46,"14,722,762",0.87,"1,273,135",0.39,"6,575,139",0.20,"6,874,488",2.04,"6,537,554",0.09,"647,444",238.26,"14,614,297",237.09,"13,083,464",1.17,"1,530,833",137733.21,"6,039,675",0.32,21,2965.77,"48,312",-,-,5346.35,"568,092",1504.81,"123,887",6889.23,"3,471,495",121026.73,"1,827,869",1.66,19,1611.25,"153,734",15.43,376,-,-,1464.78,"153,173",131.04,184,4634.92,"190,658",3112.44,"149,206",1618.50,"54,431",1493.94,"94,775",1522.47,"41,452",1108.96,"27,918",413.51,"13,534",6470.84,"22,674",5211.85,"18,434",1259.00,"4,240",702.41,919,556.58,"3,321",541.88,"602,630",541.88,"602,630",0.00,0,150992.11,"7,009,371",151230.37,"21,623,668",150688.49,"21,021,038",117275.04,"2,828,120",7774.97,"530,845",109500.07,"2,297,275",3800.36,"8,867,591",1008.05,"4,540,083",2792.31,"4,327,508",5172.34,"257,238",7.91,395,5139.17,"255,809",25.26,"1,034",0.55,5,0.53,5,0.01,0,812.15,"21,543",812.15,"21,543",10612.71,-,1006.00,-,9606.71,-,17118.53,-,13795.76,-,3322.78,-,2.57,-,2.23,-,0.34,-,17.01,-,87.73,-,61.50,-,3371.80,"3,541"
,Jan-2024,3.74,"21,705,635",1.42,"14,658,627",0.79,"1,100,547",0.43,"6,039,056",0.21,"7,519,024",2.21,"6,439,543",0.11,"607,465",230.99,"14,691,625",229.79,"13,127,720",1.20,"1,563,905",137068.03,"5,945,126",0.36,24,2118.74,"42,872",-,-,5087.92,"566,310",948.05,"127,514",6882.78,"3,367,322",122030.18,"1,841,084",1.90,21,1571.50,"154,405",18.82,619,-,-,1440.08,"153,564",112.60,222,4934.19,"211,931",3289.52,"166,444",1725.59,"58,532",1563.93,"107,912",1644.68,"45,487",1193.18,"30,383",451.50,"15,103",7087.25,"25,784",5766.67,"21,259",1320.58,"4,525",690.67,927,629.91,"3,598",547.17,"583,653",547.17,"583,653",0.00,0,151208.15,"6,920,899",151439.14,"21,612,523",150891.97,"21,028,871",117854.93,"2,815,296",7654.37,"524,854",110200.56,"2,290,441",3837.71,"9,123,990",1028.04,"4,767,036",2809.67,"4,356,954",5306.01,"260,746",8.26,404,5272.19,"259,326",25.56,"1,016",0.65,6,0.64,6,0.02,0,839.66,"22,351",839.66,"22,351",10570.66,-,995.00,-,9575.66,-,17676.26,-,14396.94,-,3279.33,-,2.58,-,2.24,-,0.34,-,17.60,-,85.93,-,60.04,-,3213.79,"3,380"
,Dec-2023,3.41,"22,228,644",1.29,"14,220,985",0.69,"1,009,116",0.40,"5,903,343",0.20,"7,308,526",2.01,"7,392,675",0.11,"614,984",230.39,"15,888,778",229.23,"14,244,586",1.16,"1,644,192",134755.92,"5,917,191",0.32,23,1580.49,"27,013",-,-,4987.93,"570,126",1310.99,"128,244",6673.93,"3,368,836",120202.26,"1,822,949",2.06,26,1557.74,"152,705",14.09,478,-,-,1403.46,"151,991",140.19,237,4983.15,"213,054",3215.00,"165,119",1706.70,"58,300",1508.29,"106,819",1768.16,"47,935",1301.59,"32,225",466.56,"15,709",7235.20,"26,173",5960.57,"21,732",1274.63,"4,441",709.65,915,564.98,"3,526",547.23,"592,972",547.23,"592,972",0.00,0,149079.24,"6,902,095",149309.63,"22,790,873",148762.40,"22,197,901",116329.75,"2,804,467",7372.04,"508,669",108957.71,"2,295,798",3836.26,"9,388,620",1050.96,"4,862,570",2785.31,"4,526,051",5463.60,"269,288",8.19,405,5428.47,"267,843",26.94,"1,041",0.66,6,0.66,6,0.00,0,929.51,"24,592",929.51,"24,592",10587.85,-,979.05,-,9608.81,-,17544.34,-,14293.01,-,3251.33,-,2.58,-,2.24,-,0.34,-,16.89,-,85.67,-,59.57,-,3170.66,-
,Nov-2023,3.08,"21,011,085",1.24,"13,568,124",0.64,"939,382",0.41,"5,919,154",0.19,"6,709,589",1.74,"6,922,315",0.10,"520,645",219.20,"13,591,443",218.05,"12,078,797",1.15,"1,512,645",128072.73,"5,673,303",0.30,19,3221.01,"47,635",-,-,4723.84,"535,002",1380.65,"142,415",6394.01,"3,208,491",112352.92,"1,739,741",2.69,37,1527.84,"142,456",18.82,590,-,-,1376.66,"141,646",132.36,220,4742.56,"210,038",2970.90,"160,644",1583.66,"59,015",1387.24,"101,629",1771.66,"49,394",1301.95,"34,379",469.71,"15,015",6510.09,"24,248",5308.63,"19,853",1201.46,"4,394",662.14,891,539.32,"3,504",525.55,"558,866",525.55,"558,866",0.00,0,141378.76,"6,608,910",141597.96,"20,200,353",141072.41,"19,641,487",108646.12,"2,646,783",6927.98,"478,326",101718.14,"2,168,458",3622.58,"8,033,440",988.62,"4,130,936",2633.96,"3,902,504",5542.64,"276,530",7.89,391,5505.75,"275,032",28.99,"1,107",0.75,7,0.75,7,0.01,0,1079.59,"28,972",1079.59,"28,972",10725.71,-,960.01,-,9764.99,-,16944.31,-,13758.21,-,3186.10,-,2.58,-,2.24,-,0.34,-,15.87,-,84.32,-,58.74,-,3087.39,-
,Oct-2023,3.31,"21,422,005",1.26,"13,902,085",0.66,"889,349",0.40,"5,760,793",0.20,"7,251,944",1.96,"7,018,310",0.10,"501,610",224.62,"13,464,400",223.48,"11,899,324",1.14,"1,565,076",128356.32,"5,667,254",0.31,20,1745.79,"19,666",-,-,4928.80,"538,239",1278.99,"131,546",6314.53,"3,262,015",114087.90,"1,715,768",2.63,38,1499.66,"139,050",15.14,525,-,-,1348.29,"138,287",136.23,238,5104.71,"230,670",3200.48,"178,569",1596.74,"57,774",1603.73,"120,795",1904.23,"52,101",1375.28,"33,731",528.95,"18,370",6687.84,"25,012",5329.32,"20,649",1358.52,"4,362",735.65,872,622.87,"3,490",559.90,"584,454",559.90,"584,454",0.00,0,142208.43,"6,646,440",142433.05,"20,110,841",141873.15,"19,526,387",109334.05,"2,619,086",6877.68,"474,253",102456.37,"2,144,833",3736.00,"8,464,802",983.50,"4,400,612",2752.51,"4,064,190",5721.32,"277,832",8.54,413,5683.38,"276,289",29.40,"1,130",0.85,8,0.84,8,0.01,0,986.49,"25,378",986.49,"25,378",10748.82,-,947.11,-,9801.71,-,16830.82,-,13668.03,-,3162.79,-,2.58,-,2.23,-,0.35,-,15.30,-,83.48,-,59.75,-,3017.20,-
,Sep-2023,3.73,"21,104,039",1.52,"13,723,954",0.93,"1,211,320",0.41,"5,629,136",0.19,"6,883,498",2.10,"6,811,643",0.11,"568,441",213.94,"14,545,183",212.80,"12,960,210",1.13,"1,584,974",119215.72,"5,340,256",0.31,21,1818.74,"17,943",-,-,4728.97,"507,497",1512.78,"109,472",5598.05,"3,126,190",105556.87,"1,579,133",2.52,37,1514.68,"138,748",13.87,441,-,-,1371.81,"138,081",129.00,226,4578.47,"189,186",2739.43,"142,320",1420.96,"49,440",1318.47,"92,879",1839.04,"46,866",1326.09,"30,512",513.26,"16,355",-,"23,668",4927.10,"19,944",1216.07,"3,724",707.39,842,508.67,"2,882",538.35,"575,021",538.35,"575,021",0.00,0,131990.38,"6,266,879",132204.32,"20,812,062",131665.97,"20,237,041",101214.61,"2,434,721",6606.30,"446,014",94608.31,"1,988,707",3650.26,"8,219,961",988.10,"4,179,061",2662.16,"4,040,900",5377.22,"260,514",7.85,380,5340.70,"259,072",28.67,"1,062",0.97,9,0.96,9,0.01,0,991.43,"25,477",991.43,"25,477",10713.04,-,930.17,-,9782.86,-,16718.12,-,13588.07,-,3130.05,-,2.58,-,2.23,-,0.35,-,14.87,-,83.03,-,59.82,-,2950.06,-
,Aug-2023,3.83,"21,796,085",1.46,"14,374,901",0.82,"1,075,273",0.44,"6,265,271",0.20,"7,034,358",2.23,"6,636,448",0.14,"784,735",218.08,"13,742,007",216.88,"12,202,747",1.20,"1,539,260",119823.49,"5,374,181",0.34,22,1791.92,"20,129",-,-,4891.65,"514,280",1627.49,"128,612",5651.92,"3,134,602",105860.16,"1,576,537",2.60,41,1522.83,"135,193",13.96,416,-,-,1374.16,"134,543",134.72,234,4981.72,"201,282",2905.78,"148,602",1520.79,"52,961",1384.99,"95,641",2075.94,"52,680",1495.72,"34,605",580.22,"18,075",6366.80,"23,669",5067.34,"20,002",1299.47,"3,667",729.39,855,570.08,"2,812",565.42,"593,323",565.42,"593,323",0.00,0,133260.26,"6,327,649",133478.34,"20,069,656",132912.92,"19,476,333",101423.21,"2,423,257",6553.02,"439,916",94870.20,"1,983,340",3790.98,"8,295,085",1033.68,"4,490,488",2757.30,"3,804,596",5723.31,"273,107",8.09,383,5685.10,"271,612",30.12,"1,112",1.26,12,1.25,12,0.01,0,1055.42,"27,023",1055.42,"27,023",10693.35,-,912.78,-,9780.57,-,16625.74,-,13483.91,-,3141.84,-,2.58,-,2.23,-,0.35,-,15.29,-,82.47,-,58.99,-,2881.64,-
,Jul-2023,3.83,"21,113,033",1.53,"14,338,395",0.87,"1,200,245",0.46,"6,722,022",0.20,"6,416,128",2.17,"5,937,050",0.13,"837,588",211.89,"13,124,561",210.72,"11,615,417",1.17,"1,509,144",114189.63,"5,250,943",0.32,22,2850.05,"45,524",-,-,4897.10,"512,312",1322.80,"110,184",5476.79,"3,049,364",99642.56,"1,533,536",2.77,43,1473.10,"130,931",14.42,457,-,-,1327.06,"130,240",131.62,233,4882.21,"198,421",2780.90,"145,108",1434.21,"49,789",1346.69,"95,319",2101.31,"53,313",1485.21,"33,513",616.10,"19,801",6393.08,"23,238",5068.53,"19,736",1324.55,"3,502",714.15,775,610.40,"2,727",555.48,"587,310",555.48,"587,310",0.00,0,127493.51,"6,190,842",127705.40,"19,315,404",127149.92,"18,728,094",93340.31,"2,316,954",6400.03,"428,279",86940.28,"1,888,674",3938.95,"8,157,864",1107.74,"4,353,820",2831.21,"3,804,045",5590.96,"269,298",7.58,357,5553.98,"267,870",29.39,"1,071",2.23,22,2.23,22,0.01,0,1078.92,"28,950",1078.92,"28,950",10606.14,-,898.73,-,9707.41,-,16646.89,-,13678.38,-,2968.51,-,2.57,-,2.21,-,0.36,-,15.37,-,81.23,-,58.06,-,2807.25,-
,Jun-2023,3.81,"22,638,088",1.54,"15,259,736",0.88,"1,299,039",0.45,"7,312,076",0.21,"6,648,621",2.17,"6,854,522",0.10,"523,830",212.30,"14,336,617",211.10,"12,739,932",1.20,"1,596,685",106299.38,"5,151,213",0.30,20,1875.41,"25,772",-,-,4681.02,"500,482",1294.91,"109,983",5097.12,"3,039,491",93350.61,"1,475,464",2.18,30,1453.92,"129,549",14.83,487,-,-,1296.38,"128,819",142.71,243,4731.29,"188,284",2629.05,"137,234",1378.71,"48,854",1250.34,"88,380",2102.24,"51,049",1499.66,"33,778",602.58,"17,271",6569.82,"23,509",5303.68,"19,762",1266.13,"3,747",681.07,"1,017",585.06,"2,730",539.36,"578,306",539.36,"578,306",0.00,0,119593.76,"6,070,861",119806.06,"20,407,478",119266.70,"19,829,172",88097.74,"2,243,152",6145.85,"416,271",81951.89,"1,826,881",3566.29,"8,354,717",929.63,"4,456,179",2636.66,"3,898,539",5577.45,"274,070",7.43,352,5540.43,"272,643",29.58,"1,074",2.29,23,2.29,23,0.01,0,943.77,"25,991",943.77,"25,991",10645.15,-,886.82,-,9758.33,-,16709.14,-,13409.30,-,3299.84,-,2.59,-,2.23,-,0.36,-,14.96,-,80.94,-,56.88,-,2720.15,-
,May-2023,4.03,"22,537,634",1.63,"15,227,196",0.98,"1,326,724",0.45,"7,732,270",0.20,"6,168,201",2.23,"6,189,356",0.17,"1,121,082",220.46,"12,882,587",219.21,"11,413,321",1.25,"1,469,266",107130.93,"5,196,720",0.34,23,1838.94,"31,424",-,-,5015.49,"527,558",1227.66,"122,239",4896.66,"3,026,331",94151.85,"1,489,145",1.75,21,1457.43,"125,654",15.45,535,-,-,1288.88,"124,864",153.10,256,4974.51,"193,436",2734.74,"140,660",1419.98,"50,811",1314.76,"89,849",2239.77,"52,776",1592.87,"35,589",646.89,"17,187",7064.30,"24,240",5669.85,"20,339",1394.45,"3,901",721.63,"1,190",672.82,"2,711",572.39,"627,772",572.39,"627,772",0.00,0,121199.56,"6,167,822",121420.02,"19,050,409",120847.63,"18,422,637",87100.70,"2,268,479",6127.73,"424,314",80972.97,"1,844,165",3598.99,"7,800,962",916.90,"4,116,658",2682.09,"3,684,304",5694.72,"279,621",7.73,366,5655.91,"278,080",31.09,"1,175",2.33,23,2.31,23,0.02,0,979.64,"27,469",979.64,"27,469",10616.74,-,877.47,-,9739.26,-,16638.55,-,13373.56,-,3264.98,-,2.56,-,2.20,-,0.36,-,14.66,-,79.61,-,55.45,-,2667.57,-
,Apr-2023,3.21,"20,115,131",1.32,"13,093,142",0.79,"1,158,660",0.36,"6,633,808",0.17,"5,300,674",1.79,"6,450,151",0.09,"571,838",201.57,"11,876,806",200.44,"10,452,024",1.13,"1,424,781",100492.45,"4,834,441",0.36,25,1066.77,"19,744",-,-,4957.93,"521,050",1009.42,"117,079",4825.37,"2,761,038",88632.60,"1,415,505",1.64,19,1398.58,"120,185",16.09,604,-,-,1242.93,"119,338",139.56,243,4887.94,"187,396",2592.55,"132,769",1408.20,"51,624",1184.35,"81,144",2295.38,"54,627",1633.96,"37,647",661.43,"16,980",6442.16,"22,634",5153.28,"18,901",1288.88,"3,733",676.69,"1,079",612.19,"2,653",554.06,"639,281",554.06,"639,281",0.00,0,113775.18,"5,803,936",113976.75,"17,680,742",113422.69,"17,041,461",83357.17,"2,154,813",5789.55,"402,248",77567.62,"1,752,564",3406.05,"7,036,658",855.07,"3,713,764",2550.98,"3,322,894",5707.20,"282,873",7.49,357,5667.31,"281,248",32.40,"1,269",2.11,21,2.09,21,0.02,0,998.82,"28,954",998.82,"28,954",10535.25,0,865.13,0,9670.12,0,16585.84,0,13338.66,0,3247.17,0,2.55,0,2.19,0,0.36,0,14.28,0,78.37,0,54.36,0,2609.08,0
,Mar-2023,3.66,"22,458,408",1.25,"14,269,424",0.65,"952,079",0.40,"6,682,508",0.20,"6,634,836",2.28,"7,329,087",0.13,"859,897",248.01,"16,122,902",246.66,"14,416,322",1.35,"1,706,580",100851.12,"5,906,936",0.36,24,1932.07,"26,400",-,-,4970.56,"546,235",1962.73,"178,757",5469.06,"3,750,569",86516.34,"1,404,951",1.50,18,1403.39,"126,113",12.92,492,-,-,1246.53,"125,376",143.94,246,5016.79,"191,035",2634.29,"137,311",1404.60,"50,920",1229.69,"86,391",2382.50,"53,724",1652.35,"35,222",730.15,"18,502",6402.38,"24,005",5183.32,"19,681",1219.06,"4,324",705.70,"1,041",513.36,"3,283",642.76,"706,181",642.76,"706,181",0.00,0,114316.43,"6,954,270",114564.44,"23,077,172",113921.68,"22,370,991",81648.69,"2,250,094",5868.83,"436,885",75779.86,"1,813,209",3879.51,"8,981,727",987.21,"4,769,894",2892.30,"4,211,833",5921.72,"286,762",8.26,402,5878.89,"284,949",34.56,"1,411",2.32,23,2.31,23,0.02,0,1083.61,"30,015",1083.61,"30,015",10465.62,0,853.03,0,9612.59,0,16185.22,0,13384.65,0,2800.57,0,2.59,0,2.23,0,0.36,0,16.11,0,77.90,0,53.82,0,2563.77,0
,Feb-2023,3.51,"22,281,370",1.27,"14,888,685",0.68,"895,740",0.38,"6,436,404",0.21,"7,556,541",2.11,"6,602,897",0.13,"789,788",200.50,"12,053,579",199.35,"10,566,198",1.14,"1,487,381",88539.09,"4,647,461",0.31,22,2519.89,"35,468",-,-,4478.13,"468,647",1517.57,"131,505",4675.61,"2,775,972",75347.57,"1,235,847",1.51,17,1359.79,"115,272",11.50,454,-,-,1209.13,"114,587",139.16,231,4588.51,"168,378",2323.20,"118,684",1255.88,"44,611",1067.32,"74,073",2265.31,"49,693",1581.95,"33,432",683.36,"16,261",6050.89,"22,399",4929.04,"18,356",1121.85,"4,043",63.07,792,1058.78,"3,251",553.90,"565,690",553.90,"565,690",0.00,0,101092.17,"5,519,200",101292.67,"17,572,779",100738.77,"17,007,089",72542.86,"1,930,129",5107.77,"353,815",67435.09,"1,576,314",3319.04,"7,380,904",834.55,"4,172,937",2484.49,"3,207,966",5472.33,"263,681",7.39,358,5433.46,"262,098",31.47,"1,225",2.17,21,2.16,21,0.01,0,918.44,"25,483",918.44,"25,483",10374.87,0,833.66,0,9541.22,0,16109.65,0,13335.10,0,2774.55,0,2.57,0,2.21,0,0.36,0,15.59,0,77.58,0,52.22,0,2500.89,0
,Jan-2023,3.66,"21,571,346",1.17,"14,383,734",0.60,"785,714",0.35,"5,556,922",0.21,"8,041,098",2.40,"6,553,596",0.10,"634,016",204.18,"12,546,467",202.99,"11,028,450",1.19,"1,518,016",92396.07,"4,738,328",0.32,23,1112.35,"19,956",-,-,4745.08,"477,491",1354.13,"131,620",4798.31,"2,810,180",80385.88,"1,299,059",1.79,19,1360.36,"115,658",13.01,468,-,-,1202.79,"114,953",144.56,236,5103.61,"183,460",2593.52,"127,682",1409.19,"48,934",1184.33,"78,748",2510.09,"55,778",1742.51,"37,520",767.59,"18,258",6129.40,"22,193",4873.96,"17,899",1255.44,"4,294",64.59,774,1190.86,"3,520",573.18,"570,639",573.18,"570,639",0.00,0,105562.62,"5,630,279",105766.80,"18,176,745",105193.62,"17,606,106",75947.75,"1,962,895",4884.25,"345,334",71063.50,"1,617,561",3544.67,"7,327,328",889.79,"4,089,462",2654.88,"3,237,866",5750.37,"272,142",8.13,385,5709.48,"270,595",32.76,"1,161",2.44,24,2.42,24,0.02,0,963.46,"26,203",963.46,"26,203",10280.33,0,824.52,0,9455.81,0,16029.29,0,13244.34,0,2784.95,0,2.58,0,2.21,0,0.37,0,14.75,0,76.57,0,50.57,0,2442.34,0
,Dec-2022,3.42,"22,326,077",1.19,"15,144,169",0.60,"711,065",0.36,"6,125,370",0.23,"8,307,734",2.16,"6,670,289",0.07,"511,620",215.03,"13,736,057",213.80,"12,180,091",1.23,"1,555,966",90675.95,"4,928,331",0.32,21,1157.66,"20,670",-,-,4858.37,"486,552",1515.84,"157,435",4854.81,"2,981,681",78288.95,"1,281,971",1.92,19,1357.72,"116,425",12.71,446,-,-,1198.55,"115,737",146.46,242,5223.57,"185,150",2556.47,"126,524",1405.79,"48,611",1150.68,"77,913",2667.10,"58,626",1859.33,"39,574",807.77,"19,052",6354.65,"22,648",5012.71,"18,400",1341.94,"4,248",61.58,722,1280.37,"3,527",608.14,"619,903",608.14,"619,903",0.00,0,104220.03,"5,872,457",104435.06,"19,608,515",103826.92,"18,988,611",74415.83,"1,991,763",5560.78,"375,775",68855.05,"1,615,988",3661.95,"8,544,692",949.91,"4,926,079",2712.04,"3,618,612",5891.78,"280,465",8.13,392,5850.33,"278,927",33.33,"1,146",2.37,23,2.36,23,0.02,0,934.53,"25,484",934.53,"25,484",10206.53,0,811.87,0,9394.66,0,16234.69,0,13346.64,0,2888.05,0,2.57,0,2.20,0,0.37,0,14.19,0,75.50,0,49.59,0,2361.82,0
,Nov-2022,3.67,"22,488,758",1.26,"15,457,897",0.66,"759,097",0.36,"6,039,868",0.23,"8,658,933",2.33,"6,577,286",0.08,"453,575",206.46,"12,291,749",205.30,"10,691,727",1.16,"1,600,022",84557.58,"4,527,540",0.51,29,1065.62,"9,460",-,-,4634.80,"454,679",1373.88,"141,901",4388.30,"2,730,878",73094.47,"1,190,593",1.79,19,1316.60,"110,181",14.52,475,-,-,1164.17,"109,479",137.91,227,4956.02,"170,388",2347.73,"114,794",1275.99,"43,456",1071.74,"71,338",2608.28,"55,594",1779.46,"37,238",828.82,"18,355",6075.20,"22,808",4730.07,"17,342",1345.14,"5,466",77.72,"1,039",1267.42,"4,428",592.55,"585,389",592.55,"585,389",0.00,0,97497.95,"5,416,306",97704.41,"17,708,056",97111.86,"17,122,666",70188.36,"1,874,436",5342.59,"355,045",64845.77,"1,519,391",3486.07,"7,786,127",870.33,"4,606,598",2615.74,"3,179,529",5608.38,"265,636",7.59,367,5568.42,"264,180",32.36,"1,089",2.29,22,2.26,22,0.02,0,944.92,"25,541",944.92,"25,541",10283.35,0,806.06,0,9477.29,0,16098.32,0,13269.83,0,2828.48,0,2.55,0,2.20,0,0.36,0,13.34,0,73.52,0,48.25,0,2302.87,0
,Oct-2022,3.06,"20,887,702",1.07,"13,863,316",0.54,"672,816",0.31,"5,277,168",0.22,"7,913,333",1.90,"6,514,292",0.08,"510,094",190.34,"11,551,277",189.18,"10,015,711",1.15,"1,535,565",85748.55,"4,557,107",0.56,31,1843.72,"25,462",-,-,4824.59,"466,082",1454.99,"127,118",4570.48,"2,726,827",73054.21,"1,211,588",1.26,15,1297.79,"106,956",19.99,604,-,-,1139.92,"106,131",137.88,221,5516.40,"195,998",2554.02,"129,048",1400.51,"51,183",1153.51,"77,865",2962.38,"66,950",2045.27,"46,016",917.10,"20,934",6167.35,"24,296",4877.04,"18,450",1290.31,"5,846",83.89,"1,169",1206.42,"4,677",561.89,"549,637",561.89,"549,637",0.00,0,99291.97,"5,433,995",99482.31,"16,985,272",98920.42,"16,435,635",70328.74,"1,876,993",5473.11,"351,669",64855.62,"1,525,324",3619.15,"7,172,840",873.32,"4,126,602",2745.82,"3,046,239",6124.46,"292,144",7.67,375,6078.30,"290,557",38.48,"1,212",2.14,21,2.11,21,0.03,0,1156.16,"30,463",1156.16,"30,463",10235.99,0,793.68,0,9442.32,0,15985.59,0,13195.92,0,2789.67,0,2.55,0,2.20,0,0.35,0,12.91,0,72.11,0,47.19,0,2253.23,0
,Sep-2022,3.97,"24,321,858",1.51,"16,060,463",0.86,"1,027,326",0.36,"6,014,630",0.30,"9,018,508",2.34,"7,499,481",0.11,"761,914",198.30,"13,789,637",197.10,"12,094,321",1.20,"1,695,316",79564.56,"4,621,357",0.55,32,1170.40,"12,805",-,-,4622.31,"454,451",1630.85,"114,718",4332.45,"2,922,913",67808.00,"1,116,438",1.47,17,1257.34,"106,118",16.35,516,-,-,1114.09,"105,390",126.90,211,5352.43,"183,298",2453.06,"122,094",1311.63,"44,969",1141.43,"77,125",2899.38,"61,204",1887.58,"38,093",1011.80,"23,111",6048.61,"24,090",4706.99,"17,915",1341.62,"6,175",79.41,"1,172",1262.21,"5,004",603.84,"590,573",603.84,"590,573",0.00,0,92826.78,"5,525,435",93025.08,"19,315,072",92421.24,"18,724,499",65660.55,"1,791,834",5133.31,"348,494",60527.24,"1,443,340",3576.41,"8,423,481",918.60,"4,985,305",2657.81,"3,438,176",5725.73,"265,243",7.22,351,5684.15,"263,765",34.36,"1,127",2.71,34,2.67,34,0.04,0,1004.99,"26,097",1004.99,"26,097",10162.40,0,777.02,0,9385.38,0,15860.18,0,13106.33,0,2753.84,0,2.55,0,2.20,0,0.35,0,12.43,0,70.35,0,48.64,0,2164.30,0
,Aug-2022,3.30,"20,028,644",1.33,"13,493,765",0.75,"888,832",0.32,"5,251,883",0.25,"7,353,051",1.89,"5,970,122",0.09,"564,757",188.08,"11,665,583",186.92,"10,274,480",1.16,"1,391,103",77757.95,"4,288,963",0.54,30,1162.46,"9,662",-,-,4669.09,"445,989",1940.04,"128,480",4166.76,"2,631,639",65819.06,"1,073,162",1.63,17,1247.15,"102,824",17.57,516,-,-,1097.38,"102,100",132.20,209,5481.30,"174,516",2447.83,"112,358",1330.54,"44,943",1117.30,"67,414",3033.47,"62,159",2009.83,"40,552",1023.64,"21,606",6177.69,"24,625",4877.42,"18,495",1300.27,"6,131",83.90,"1,177",1216.37,"4,953",576.17,"547,503",576.17,"547,503",0.00,0,91240.25,"5,138,432",91428.33,"16,804,015",90852.16,"16,256,512",65313.24,"1,742,250",6590.62,"363,857",58722.63,"1,378,393",3529.19,"7,342,636",932.41,"4,304,970",2596.78,"3,037,666",5766.61,"268,788",7.46,359,5723.84,"267,289",35.31,"1,141",2.19,21,2.16,21,0.03,0,1061.82,"26,193",1061.82,"26,193",10130.17,0,779.91,0,9350.26,0,15679.00,0,12948.75,0,2730.25,0,2.54,0,2.20,0,0.34,0,11.71,0,70.58,0,47.49,0,2092.54,0
,Jul-2022,3.39,"21,126,044",1.33,"14,218,681",0.71,"851,204",0.34,"5,764,070",0.28,"7,603,407",1.93,"6,272,728",0.13,"634,635",189.26,"11,551,440",188.06,"9,927,091",1.20,"1,624,349",74673.64,"4,267,239",0.68,40,1259.99,"12,511",-,-,4608.30,"444,541",1892.88,"119,677",4018.39,"2,627,354",62893.40,"1,063,117",1.62,18,1217.97,"100,581",21.26,621,-,-,1067.05,"99,754",129.66,207,5481.80,"180,371",2348.34,"115,856",1220.69,"41,767",1127.64,"74,089",3133.47,"64,515",2052.26,"41,198",1081.20,"23,317",6195.34,"25,309",4855.87,"18,775",1339.48,"6,534",85.43,"1,285",1254.05,"5,250",588.67,"579,381",588.67,"579,381",0.00,0,88157.42,"5,152,881",88346.69,"16,704,320",87758.02,"16,124,940",61437.98,"1,699,580",4902.43,"324,003",56535.55,"1,375,577",3756.52,"7,387,328",934.78,"4,450,729",2821.73,"2,936,599",5777.88,"272,103",6.95,342,5735.52,"270,609",35.42,"1,152",2.26,22,2.25,22,0.01,0,1082.22,"29,517",1082.22,"29,517",10083.90,-,802.56,0,9281.34,-,15621.99,-,12922.65,0,2699.35,-,2.54,0,2.20,0,0.34,0,11.36,-,68.19,0,45.21,0,2013.02,-
,Jun-2022,3.42,"22,912,930",1.32,"15,445,511",0.68,"844,409",0.34,"5,627,915",0.30,"8,973,188",1.97,"6,778,125",0.13,"689,294",194.42,"12,356,054",193.18,"10,840,909",1.24,"1,515,145",69921.27,"4,298,158",0.62,37,1222.24,"23,010",-,-,4557.01,"443,776",1489.99,"100,909",4022.33,"2,716,013",58629.08,"1,014,413",0.99,12,1225.96,"100,325",39.82,"1,049",-,-,1048.14,"99,060",138.00,216,5369.44,"169,636",2279.46,"108,752",1210.51,"40,466",1068.95,"68,286",3089.99,"60,885",2012.27,"39,871",1077.72,"21,014",6258.03,"24,738",4979.19,"18,488",1278.83,"6,250",87.22,"1,301",1191.62,"4,949",593.73,"593,185",593.73,"593,185",0.00,0,83368.42,"5,186,043",83562.84,"17,542,096",82969.11,"16,948,911",55965.36,"1,631,824",4309.58,"305,197",51655.77,"1,326,627",3572.22,"8,264,386",870.16,"5,147,947",2702.06,"3,116,439",5730.78,"271,367",6.79,336,5690.79,"269,935",33.20,"1,096",2.30,22,2.27,22,0.03,0,1167.16,"31,318",1167.16,"31,318",9941.74,0,787.23,0,9154.51,0,15608.66,0,12932.46,0,2676.20,0,2.53,0,2.20,0,0.33,0,10.72,0,65.91,0,42.80,0,1952.91,0
,May-2022,3.32,"19,742,339",1.23,"13,110,275",0.66,"832,089",0.31,"4,940,038",0.26,"7,338,148",1.98,"6,039,213",0.11,"592,851",195.72,"11,183,947",194.53,"9,851,274",1.19,"1,332,673",72187.50,"4,177,865",0.58,36,2268.03,"41,011",-,-,4848.13,"452,328",1794.53,"97,341",3813.34,"2,546,928",59462.89,"1,040,221",1.00,14,1177.32,"95,542",17.81,571,-,-,1018.05,"94,752",141.46,218,5693.68,"179,494",2378.03,"113,694",1220.26,"42,266",1157.77,"71,428",3315.65,"65,800",2150.28,"44,273",1165.37,"21,527",6529.11,"25,698",5198.06,"19,616",1331.05,"6,082",92.80,"1,336",1238.25,"4,746",590.44,"594,562",590.44,"594,562",0.00,0,86178.05,"5,073,161",86373.77,"16,257,107",85783.33,"15,662,546",57896.19,"1,672,651",4617.48,"318,546",53278.71,"1,354,105",3015.15,"5,707,944",675.57,"3,628,328",2339.58,"2,079,615",5868.45,"280,267",6.64,328,5829.01,"278,833",32.79,"1,106",2.23,22,2.20,22,0.03,0,1073.66,"29,828",1073.66,"29,828",9944.98,0,768.77,0,9176.21,0,15591.10,0,12884.13,0,2706.97,0,2.52,0,2.20,0,0.32,0,10.13,0,61.69,0,41.38,0,1881.16,0
,Apr-2022,3.06,"18,651,860",1.08,"11,915,370",0.59,"870,328",0.25,"4,315,711",0.23,"6,729,332",1.87,"6,124,936",0.11,"611,554",195.32,"11,097,594",194.11,"9,780,600",1.21,"1,316,994",66747.57,"4,050,335",0.55,33,1119.53,"11,118",0.00,0,4716.26,"444,670",1329.76,"112,354",3737.59,"2,498,587",55843.88,"983,573",0.86,12,1121.68,"93,616",16.76,580,-,-,996.72,"92,902",108.20,135,5541.17,"170,521",2229.30,"105,459",1152.87,"39,807",1076.43,"65,652",3311.87,"65,062",2131.77,"43,530",1180.10,"21,532",6455.19,"25,317",5036.17,"19,360",1419.02,"5,957",169.32,"3,187",1249.70,"2,770",624.01,"670,260",624.01,"670,260",0.00,0,80489.63,"5,010,048",80684.95,"16,107,643",80060.94,"15,437,383",53992.68,"1,607,179",4515.85,"312,810",49476.83,"1,294,370",3670.77,"7,219,903",967.14,"4,297,281",2703.63,"2,922,622",5830.37,"286,411",6.12,303,5792.97,"285,011",31.28,"1,097",2.32,22,2.24,22,0.08,1,984.19,"27,824",984.19,"27,824",9956.84,0,751.66,0,9205.18,0,15553.36,0,12865.09,0,2688.28,0,2.51,0,2.19,0,0.32,0,9.48,0,61.26,0,40.90,0,1807.21,0
,Mar-2022,3.25,"20,588,727",1.04,"13,682,354",0.46,"660,443",0.30,"5,341,282",0.27,"7,680,629",2.11,"6,232,193",0.11,"674,180",230.04,"14,458,955",228.68,"13,069,669",1.36,"1,389,286",66517.82,"5,062,466",0.56,35,1400.66,"15,565",0.00,0,4920.01,"462,279",1825.88,"131,428",4314.20,"3,492,578",54056.51,"960,582",0.91,12,1136.67,"98,645",19.47,640,-,-,979.27,"97,801",137.93,204,5512.70,"171,159",2237.51,"107,107",1134.33,"38,777",1103.18,"68,330",3275.19,"64,052",2078.45,"40,770",1196.73,"23,282",6469.96,"25,615",5016.86,"20,054",1453.10,"5,561",164.77,"2,860",1288.34,"2,701",702.93,"694,335",702.93,"694,335",0.00,0,80340.08,"6,052,221",80570.12,"20,511,176",79867.19,"19,816,841",57121.32,"1,648,626",4218.03,"298,559",52903.29,"1,350,067",3924.86,"8,850,603",962.84,"5,341,587",2962.02,"3,509,016",5966.82,"287,373",6.80,344,5927.87,"285,893",32.15,"1,137",2.30,22,2.21,21,0.09,0,1032.68,"28,479",1032.68,"28,479",9912.93,-,736.27,-,9176.66,-,15538.22,-,12787.93,-,2750.30,-,2.52,-,2.20,-,0.31,-,9.16,-,60.70,-,49.72,-,1727.34,-
,Feb-2022,2.92,"17,994,586",1.10,"12,914,111",0.58,"721,038",0.25,"4,221,392",0.27,"7,971,681",1.73,"4,540,145",0.10,"540,330",180.29,"10,324,618",179.15,"9,277,356",1.13,"1,047,262",55305.52,"3,806,484",0.51,28,651.67,"13,152",0.00,0,4209.31,"384,404",1536.56,"104,998",3632.58,"2,477,059",45274.89,"826,843",0.68,10,1089.30,"90,746",15.23,506,-,-,948.20,"90,056",125.87,184,4840.47,"143,111",1884.24,"86,041",963.40,"32,500",920.84,"53,541",2956.23,"57,070",1845.45,"36,376",1110.78,"20,694",5551.16,"22,923",4386.09,"17,259",1165.07,"5,664",126.61,"3,360",1038.46,"2,304",581.98,"615,321",581.98,"615,321",0.00,0,67368.43,"4,678,585",67548.71,"15,003,203",66966.73,"14,387,882",48292.44,"1,391,254",3626.98,"246,931",44665.47,"1,144,324",3274.19,"6,792,274",780.51,"4,169,926",2493.68,"2,622,349",5296.66,"256,463",5.29,264,5263.17,"255,218",28.20,981,2.19,20,2.15,20,0.04,0,928.46,"24,975",928.46,"24,975",10067.74,-,717.08,-,9350.66,-,15652.06,-,12942.28,-,2709.78,-,2.47,-,2.16,-,0.31,-,8.51,-,58.34,-,48.27,-,1600.19,-
,Jan-2022,2.54,"17,839,802",0.93,"12,892,869",0.40,"569,722",0.26,"4,348,558",0.28,"7,974,589",1.52,"4,470,518",0.09,"476,415",181.29,"10,449,109",180.08,"9,285,159",1.21,"1,163,950",57367.30,"3,806,628",0.55,29,1111.28,"18,101",0.00,0,4401.73,"387,007",2053.15,"126,812",3629.03,"2,442,686",46171.56,"831,993",0.81,11,1059.01,"91,554",24.47,728,-,-,934.07,"90,703",100.47,123,5151.05,"147,794",1958.05,"87,769",960.63,"32,735",997.43,"55,034",3193.00,"60,025",1924.51,"37,274",1268.48,"22,752",5807.67,"24,796",4613.76,"19,789",1193.91,"5,007",117.57,"2,368",1076.35,"2,639",596.99,"557,721",596.99,"557,721",0.00,0,69982.02,"4,628,493",70163.31,"15,077,603",69566.32,"14,519,881",49905.88,"1,418,856",3879.91,"250,455",46025.97,"1,168,401",3564.14,"7,413,832",833.10,"4,718,914",2731.05,"2,694,918",5554.51,"262,384",5.49,269,5519.66,"261,124",29.36,990,2.13,20,2.08,20,0.05,0,1125.54,"28,582",1125.54,"28,582",10111.81,-,702.52,-,9409.29,-,15389.63,-,12722.56,-,2667.07,-,2.46,-,2.16,-,0.30,-,7.78,-,56.20,-,46.97,-,1521.05,-
,Dec-2021,3.13,"20,703,988",1.10,"14,801,512",0.48,"651,103",0.30,"5,075,401",0.31,"9,075,009",1.96,"5,516,604",0.07,"385,873",192.78,"12,966,991",191.50,"11,418,233",1.29,"1,548,758",56422.79,"4,076,395",0.65,36,1082.20,"14,987",0.00,0,4429.86,"396,411",1483.71,"113,132",3763.38,"2,724,980",45662.99,"826,848",1.12,16,1064.54,"91,163",19.59,611,-,-,937.92,"90,426",107.03,126,5611.80,"160,398",2112.59,"93,907",1093.48,"36,713",1019.10,"57,195",3499.21,"66,491",2202.51,"43,062",1296.71,"23,429",7008.04,"25,878",5659.18,"21,195",1348.86,"4,683",99.63,"1,893",1249.23,"2,790",660.33,"640,955",660.33,"640,955",0.00,0,70767.50,"4,994,790",70960.28,"17,961,781",70299.95,"17,320,825",49877.80,"1,433,961",3927.19,"254,443",45950.61,"1,179,518",3602.61,"8,611,529",848.36,"5,690,977",2754.25,"2,920,552",5923.80,"280,371",5.90,295,5889.14,"279,100",28.76,977,3.78,35,3.71,35,0.07,0,940.20,"25,208",940.20,"25,208",10066.90,-,689.49,-,9377.42,-,15111.90,-,12511.00,-,2600.90,-,2.45,-,2.15,-,0.30,-,7.27,-,54.98,-,46.47,-,1440.10,-
,Nov-2021,2.56,"17,364,382",0.97,"12,229,072",0.46,"617,831",0.26,"4,273,958",0.25,"7,337,283",1.53,"4,816,873",0.06,"318,437",172.14,"10,981,778",170.95,"9,589,985",1.19,"1,391,793",51880.87,"3,554,896",0.62,35,1119.16,"9,750",0.00,0,4120.29,"364,672",1382.00,"97,513",3394.00,"2,314,490",41864.80,"768,436",1.00,15,1039.13,"87,111",19.78,536,-,-,907.32,"86,417",112.03,158,5418.18,"156,326",2011.16,"89,217",1068.93,"37,499",942.23,"51,718",3407.02,"67,109",2112.05,"43,751",1294.97,"23,358",6107.05,"24,885",4870.19,"21,041",1236.87,"3,844",74.48,"1,287",1162.38,"2,557",577.00,"533,223",577.00,"533,223",0.00,0,65022.23,"4,356,441",65194.37,"15,338,219",64617.37,"14,804,996",45548.53,"1,324,008",3732.97,"239,989",41815.57,"1,084,018",3326.62,"7,017,995",790.01,"4,464,330",2536.61,"2,553,664",5687.57,"271,730",5.45,276,5653.68,"270,515",28.44,939,4.82,63,4.14,39,0.68,24,925.63,"25,112",925.63,"25,112",10015.90,-,675.83,-,9340.07,-,14832.43,-,12318.18,-,2514.26,-,2.42,-,2.13,-,0.29,-,6.93,-,52.92,-,45.41,-,1373.33,-
,Oct-2021,2.85,"16,600,978",1.04,"11,415,739",0.55,"745,937",0.25,"3,822,009",0.23,"6,847,793",1.73,"4,736,040",0.08,"449,200",184.11,"10,134,368",182.90,"8,956,918",1.22,"1,177,450",52919.52,"3,748,602",0.86,49,1192.91,"7,519",0.00,0,4306.71,"370,712",1660.26,"122,519",3574.46,"2,476,397",42184.32,"771,407",1.11,16,979.36,"85,776",21.49,560,-,-,865.69,"85,103",92.18,114,6008.76,"177,413",2155.81,"100,943",1075.23,"38,442",1080.58,"62,500",3852.95,"76,471",2302.56,"47,226",1550.39,"29,245",6130.90,"25,757",4888.97,"21,702",1241.93,"4,055",64.58,998,1177.35,"3,057",635.20,"582,604",635.20,"582,604",0.00,0,66673.75,"4,620,153",66857.86,"14,754,521",66222.66,"14,171,917",45884.20,"1,353,833",3761.40,"243,728",42122.80,"1,110,105",3698.37,"6,625,146",861.85,"3,969,765",2836.52,"2,655,382",6032.74,"289,887",5.64,286,5998.03,"288,605",29.07,997,5.34,64,4.44,39,0.90,25,946.33,"24,799",946.33,"24,799",9991.95,-,663.61,-,9328.34,-,14450.87,-,12025.10,-,2425.77,-,2.41,-,2.13,-,0.28,-,6.71,-,51.55,-,44.35,-,1285.05,-
,Sep-2021,3.21,"16,683,094",1.37,"11,404,584",0.90,"1,127,485",0.25,"3,885,956",0.22,"6,391,143",1.77,"4,826,170",0.07,"452,340",174.57,"11,069,631",173.33,"9,838,858",1.24,"1,230,773",45720.72,"3,495,969",0.98,57,781.62,"6,199",0.00,0,3848.84,"324,096",1171.57,"91,281",3359.54,"2,419,688",36558.17,"654,648",1.14,16,987.44,"84,660",19.39,440,-,-,878.31,"84,068",89.74,152,5337.50,"142,817",1847.21,"80,228",961.53,"31,743",885.68,"48,485",3490.29,"62,589",2053.00,"38,591",1437.29,"23,998",5292.53,"24,482",4242.67,"20,230",1049.86,"4,252",133.71,995,916.15,"3,257",624.10,"566,468",624.10,"566,468",0.00,0,57962.28,"4,314,396",58136.85,"15,384,027",57512.75,"14,817,559",39989.49,"1,178,882",3358.50,"218,049",36630.99,"960,832",3654.70,"6,835,253",844.23,"4,213,809",2810.47,"2,621,444",5540.66,"257,941",4.98,249,5508.82,"256,767",26.86,925,5.90,64,5.08,40,0.82,23,888.88,"22,793",888.88,"22,793",9844.09,-,650.25,-,9193.84,-,13979.08,-,11714.34,-,2264.74,-,2.41,-,2.13,-,0.28,-,6.50,-,49.77,-,43.74,-,1205.19,-
,Aug-2021,2.51,"15,362,952",0.96,"10,388,877",0.50,"730,532",0.24,"3,479,766",0.22,"6,178,579",1.48,"4,599,545",0.06,"374,530",166.52,"10,164,296",165.34,"8,940,380",1.18,"1,223,916",45370.66,"3,277,624",1.05,61,722.32,"10,305",0.00,0,3797.12,"320,203",2075.99,"98,119",3218.73,"2,209,818",35555.45,"639,117",1.14,17,1008.32,"85,436",21.99,462,-,-,876.81,"84,818",109.52,155,5493.00,"142,600",1904.71,"77,733",984.62,"32,969",920.08,"44,764",3588.29,"64,867",2119.63,"41,177",1468.66,"23,690",5259.90,"22,362",4227.08,"17,746",1032.82,"4,617",132.27,"1,110",900.54,"3,507",588.62,"533,903",588.62,"533,903",0.00,0,57720.50,"4,061,924",57887.02,"14,226,220",57298.40,"13,692,317",39029.40,"1,136,503",3244.29,"201,774",35785.12,"934,729",3569.54,"6,544,363",813.52,"4,087,354",2756.02,"2,457,008",5684.73,"262,881",5.02,248,5652.37,"261,683",27.35,949,6.52,64,5.50,42,1.02,22,1061.82,"26,830",1061.82,"26,830",9771.97,-,639.34,-,9132.63,-,13682.92,-,11510.97,-,2171.94,-,2.41,-,2.14,-,0.27,-,6.31,-,48.16,-,43.52,-,1142.06,-
,Jul-2021,2.68,"16,798,812",0.98,"11,096,031",0.50,"744,621",0.25,"3,802,644",0.24,"6,548,766",1.64,"5,290,626",0.07,"412,155",167.65,"10,741,314",166.43,"9,288,984",1.22,"1,452,331",41372.72,"3,215,234",1.03,61,1047.34,"7,981",0.00,0,3524.64,"311,310",1174.68,"85,697",3170.00,"2,204,303",32455.02,"605,883",1.08,16,986.32,"86,503",17.49,414,-,-,877.08,"85,980",91.75,109,5225.86,"135,972",1820.49,"74,885",900.27,"30,498",920.21,"44,387",3405.37,"61,087",1901.64,"36,764",1503.73,"24,324",4958.99,"20,587",4068.85,"16,624",890.14,"3,963",73.49,893,816.64,"3,070",596.11,"553,256",596.11,"553,256",0.00,0,53139.99,"4,011,553",53307.64,"14,752,867",52711.53,"14,199,611",36837.05,"1,137,233",3133.94,"210,685",33703.12,"926,547",3483.06,"6,820,724",827.98,"4,293,973",2655.07,"2,526,752",5374.82,"254,886",4.74,235,5344.70,"253,780",25.38,871,7.45,62,6.15,43,1.30,19,869.89,"22,973",869.89,"22,973",9690.43,-,634.14,-,9056.29,-,13176.84,-,11032.89,-,2143.95,-,2.40,-,2.13,-,0.27,-,6.11,-,46.08,-,42.51,-,1078.80,-
,Jun-2021,2.90,"17,144,527",1.01,"11,317,988",0.51,"774,292",0.27,"4,653,921",0.23,"5,889,775",1.82,"5,408,999",0.07,"417,541",154.14,"10,196,989",152.92,"8,887,546",1.22,"1,309,444",36684.40,"3,029,728",1.06,64,1148.34,"8,143",0.00,0,3038.45,"284,111",1498.12,"92,266",2923.27,"2,097,771",28075.16,"547,373",1.03,16,981.70,"86,759",17.66,417,-,-,878.73,"86,215",85.31,128,4493.75,"113,790",1547.01,"62,746",690.40,"23,977",856.61,"38,769",2946.74,"51,044",1505.09,"28,743",1441.65,"22,300",4585.92,"18,657",3906.02,"15,849",679.91,"2,808",50.54,667,629.36,"2,140",511.38,"477,430",511.38,"477,430",0.00,0,47257.15,"3,726,363",47411.29,"13,923,352",46899.91,"13,445,923",32127.11,"1,033,735",2829.58,"196,264",29297.53,"837,471",3063.00,"6,717,057",704.65,"4,355,719",2358.36,"2,361,338",4758.35,"229,638",4.31,219,4732.04,"228,681",22.00,738,7.87,59,7.03,44,0.84,15,856.89,"24,187",856.89,"24,187",9684.46,-,628.15,-,9056.31,-,12935.33,-,10848.95,-,2086.38,-,2.40,-,2.14,-,0.26,-,5.91,-,45.93,-,40.83,-,1026.76,-
,May-2021,2.08,"14,652,880",0.89,"9,966,087",0.47,"710,624",0.23,"4,280,973",0.19,"4,974,490",1.14,"4,424,858",0.05,"261,935",123.34,"8,366,599",122.28,"7,211,162",1.07,"1,155,437",33866.21,"2,707,637",0.95,59,1343.10,"16,261",0.00,0,2798.61,"266,289",1866.34,"116,463",2565.39,"1,819,459",25291.82,"489,106",1.01,16,936.41,"70,589",17.29,422,-,-,857.30,"70,069",61.82,98,3901.33,"95,239",1344.73,"52,014",509.46,"18,477",835.27,"33,537",2556.60,"43,225",1127.84,"22,195",1428.76,"21,030",3848.67,"21,414",3175.54,"14,442",673.13,"6,972",37.31,"1,392",635.82,"5,580",366.69,"341,794",366.69,"341,794",0.00,0,42919.31,"3,236,674",43042.65,"11,603,274",42675.96,"11,261,480",29734.31,"898,224",2528.93,"174,307",27205.39,"723,917",2608.64,"5,383,869",577.75,"3,376,531",2030.89,"2,007,337",4167.07,"202,858",3.65,187,4139.66,"201,978",23.76,694,20.81,122,18.08,102,2.73,19,824.37,"24,138",824.37,"24,138",9643.64,-,623.93,-,9019.71,-,12811.27,-,10742.52,-,2068.76,-,2.40,-,2.15,-,0.26,-,5.62,-,45.20,-,40.22,-,990.22,-
,Apr-2021,2.36,"15,138,384",0.83,"9,963,717",0.41,"739,674",0.21,"3,829,853",0.20,"5,394,189",1.49,"4,913,256",0.05,"261,411",151.52,"8,802,868",150.19,"7,555,042",1.33,"1,247,825",34506.22,"2,946,342",0.94,61,972.73,"5,383",0.00,0,3229.68,"299,542",1029.55,"101,457",2862.71,"2,046,235",26410.61,"493,664",0.96,15,921.28,"75,501",13.88,377,-,-,814.04,"74,985",93.36,139,4788.55,"115,232",1575.32,"59,049",782.31,"26,314",793.00,"32,735",3213.23,"56,183",1794.37,"35,621",1418.86,"20,562",4761.96,"22,059",3958.67,"14,250",803.29,"7,809",41.18,"1,724",762.11,"6,085",557.79,"553,322",557.79,"553,322",0.00,0,45535.79,"3,712,457",45687.32,"12,515,324",45129.53,"11,962,002",32494.77,"1,006,256",2563.99,"191,178",29930.78,"815,078",3056.11,"5,643,314",731.65,"3,456,451",2324.46,"2,186,863",5252.69,"255,533",5.09,258,5222.47,"254,397",25.13,878,22.06,133,18.85,111,3.20,22,725.35,"21,701",725.35,"21,701",9627.60,-,622.60,-,9005.00,-,12546.32,-,10577.30,-,1969.01,-,2.40,-,2.14,-,0.25,-,5.51,-,45.25,-,40.28,-,978.19,-
,Mar-2021,2.92,"17,383,479",0.91,"11,182,301",0.42,"678,873",0.26,"4,362,390",0.23,"6,141,037",1.95,"5,828,078",0.06,"373,100",202.35,"12,982,215",200.70,"11,427,958",1.65,"1,554,257",37208.51,"4,053,907",1.16,72,1128.83,"11,086",0.00,0,3631.44,"327,236",1648.84,"164,298",3481.39,"3,046,329",27316.85,"504,886",0.94,15,1038.84,"86,505",12.92,346,-,-,920.42,"86,005",105.50,154,5650.32,"139,705",1887.27,"72,319",1012.86,"33,286",874.41,"39,033",3763.05,"67,386",2229.12,"42,816",1533.93,"24,570",5154.57,"21,286",4177.79,"14,683",976.79,"6,603",47.32,"1,666",929.46,"4,937",806.59,"722,031",806.59,"722,031",0.00,0,49858.84,"5,023,434",50061.19,"18,005,649",49254.60,"17,283,617",33082.40,"1,248,779",4852.88,"270,764",28229.52,"978,015",3811.17,"7,950,409",911.96,"4,883,563",2899.20,"3,066,846",6035.78,"285,268",5.92,307,6003.68,"283,955",26.18,"1,007",22.38,119,19.49,114,2.90,5,763.86,"22,276",763.86,"22,276",9602.51,-,620.49,-,8982.02,-,21655.68,-,19753.69,-,1901.99,-,2.39,-,2.14,-,0.25,-,5.43,-,47.20,-,35.70,-,925.22,-
,Feb-2021,2.44,"15,872,384",0.95,"10,901,991",0.47,"681,845",0.24,"3,678,988",0.24,"6,541,158",1.44,"4,629,628",0.05,"340,765",157.70,"9,050,425",156.20,"7,645,510",1.50,"1,404,916",30607.09,"2,919,321",0.92,54,835.54,"4,766",0.00,0,3189.73,"275,230",830.89,"61,364",2821.07,"2,152,844",22928.94,"425,063",0.82,13,861.94,"68,323",9.33,223,-,-,781.43,"68,011",71.18,88,5059.24,"119,331",1613.77,"60,105",863.91,"27,754",749.87,"32,350",3445.46,"59,227",2008.87,"37,414",1436.60,"21,813",4519.77,"18,315",3648.84,"12,717",870.92,"5,598",39.71,"1,323",831.21,"4,275",636.07,"547,109",636.07,"547,109",0.00,0,41684.11,"3,672,400",41841.80,"12,722,825",41205.73,"12,175,716",24372.08,"933,736",2345.81,"186,602",22026.27,"747,134",3282.67,"4,343,633",759.79,"2,279,174",2522.88,"2,064,459",5530.45,"259,249",4.98,253,5502.19,"258,100",23.28,895,21.79,117,19.81,114,1.98,3,656.57,"18,381",656.57,"18,381",9556.49,-,616.47,-,8940.02,-,21556.23,-,19732.43,-,1823.81,-,2.35,-,2.10,-,0.25,-,5.12,-,47.15,-,34.92,-,875.86,-
,Jan-2021,2.32,"15,723,500",0.93,"10,875,915",0.48,"657,843",0.22,"3,848,935",0.24,"6,369,137",1.35,"4,576,570",0.04,"271,015",156.68,"9,170,162",155.07,"7,854,553",1.61,"1,315,609",31708.24,"2,990,835",1.09,65,1224.28,"8,500",0.00,0,3465.52,"288,538",1115.13,"96,681",2874.93,"2,165,869",23027.28,"431,182",0.92,15,928.08,"79,372",10.29,214,-,-,839.08,"79,044",78.71,113,5443.74,"127,894",1744.20,"64,737",926.09,"29,409",818.11,"35,328",3699.54,"63,157",2132.37,"39,189",1567.18,"23,969",4386.66,"19,355",3495.85,"13,451",890.80,"5,904",43.29,"1,647",847.51,"4,257",657.01,"551,207",657.01,"551,207",0.00,0,43123.73,"3,768,662",43280.41,"12,938,824",42623.40,"12,387,618",27644.30,"1,020,313",2571.61,"212,336",25072.69,"807,977",3475.58,"6,545,051",800.47,"4,212,275",2675.11,"2,332,776",5729.97,"267,500",5.04,251,5700.50,"266,315",24.43,934,32.47,137,30.62,135,1.84,2,777.16,"21,700",777.16,"21,700",9491.63,-,610.98,-,8880.65,-,21212.16,-,19461.04,-,1751.11,-,2.34,-,2.09,-,0.25,-,5.12,-,46.55,-,33.60,-,805.89,-
,Dec-2020,2.62,"15,757,032",1.00,"10,816,866",0.51,"772,886",0.25,"4,089,804",0.24,"5,954,176",1.58,"4,651,382",0.04,"288,785",163.48,"10,659,120",161.72,"9,058,136",1.75,"1,600,984",31735.79,"3,393,355",1.03,61,1018.90,"8,180",0.00,0,3556.93,"292,325",1741.20,"118,309",3076.15,"2,558,304",22341.58,"416,176",0.88,14,922.53,"81,871",8.90,187,-,-,840.43,"81,576",73.21,108,5502.88,"128,665",1737.79,"63,487",914.20,"28,961",823.59,"34,526",3765.09,"65,178",2165.50,"39,437",1599.59,"25,741",4337.56,"18,190",3521.48,"13,392",816.08,"4,798",45.26,"1,250",770.81,"3,547",719.40,"618,015",719.40,"618,015",0.00,0,43218.17,"4,240,096",43381.65,"14,899,216",42662.25,"14,281,201",25296.64,"901,655",2183.03,"174,603",23113.62,"727,052",3508.31,"6,671,575",799.18,"4,135,189",2709.13,"2,536,385",5676.29,"266,709",5.01,246,5646.77,"265,569",24.51,893,39.89,149,34.53,142,5.37,6,715.03,"19,671",715.03,"19,671",9460.57,-,603.97,-,8856.60,-,20819.06,-,19156.35,-,1662.71,-,2.33,-,2.08,-,0.25,-,4.97,-,45.85,-,32.00,-,752.31,-
,Nov-2020,2.45,"10,692,192",0.79,"6,942,678",0.48,"727,023",0.12,"1,762,647",0.19,"4,453,008",1.64,"3,625,849",0.02,"123,665",137.80,"7,987,655",136.13,"6,802,206",1.67,"1,185,449",30270.13,"2,986,292",0.93,54,927.29,"4,400",0.00,0,3391.14,"276,459",1114.39,"96,127",2734.10,"2,218,252",22102.28,"390,999",0.91,15,944.24,"78,709",9.39,181,-,-,869.63,"78,433",65.22,96,5428.32,"130,239",1662.58,"62,350",874.82,"30,495",787.76,"31,855",3765.75,"67,889",2112.56,"42,289",1653.18,"25,600",4194.10,"16,811",3420.83,"12,820",773.27,"3,991",39.70,"1,114",733.57,"2,877",596.35,"494,300",596.35,"494,300",0.00,0,41433.13,"3,706,351",41570.93,"11,694,006",40974.58,"11,199,706",24288.77,"822,100",2191.98,"165,155",22096.79,"656,945",3118.37,"5,633,907",707.08,"3,543,436",2411.29,"2,090,471",5883.93,"277,940",4.64,231,5853.66,"276,797",25.63,912,37.91,143,32.33,137,5.58,6,684.78,"18,820",684.78,"18,820",9528.15,-,601.13,-,8927.02,-,20443.15,-,18857.67,-,1585.48,-,2.34,-,2.09,-,0.25,-,4.97,-,45.77,-,30.46,-,697.82,-
,Oct-2020,2.44,"12,416,671",1.06,"8,849,617",0.61,"900,488",0.27,"4,108,317",0.18,"3,840,812",1.36,"3,435,633",0.02,"131,420",138.22,"8,496,046",136.54,"7,226,105",1.68,"1,269,941",28646.32,"2,993,166",1.02,57,961.85,"5,531",0.00,0,3189.72,"274,645",1015.89,"91,438",2761.65,"2,235,389",20716.19,"386,107",0.97,16,920.15,"79,305",10.55,192,-,-,848.34,"79,022",61.26,91,5650.70,"133,792",1718.03,"64,652",818.33,"26,956",899.70,"37,696",3932.66,"69,141",1983.98,"37,110",1948.68,"32,031",4591.52,"17,911",3639.88,"13,827",951.64,"4,084",37.12,"1,045",914.52,"3,039",643.08,"524,090",643.08,"524,090",0.00,0,40451.77,"3,748,265",40589.98,"12,244,310",39946.90,"11,720,220",22801.51,"798,327",2103.09,"158,841",20698.41,"639,486",3289.46,"5,502,800",731.93,"3,398,795",2557.52,"2,104,005",5656.39,"268,881",4.85,240,5626.50,"267,747",25.04,893,34.11,134,29.24,129,4.87,5,720.69,"18,354",720.69,"18,354",9335.85,-,594.20,-,8741.65,-,20143.54,-,18578.62,-,1564.92,-,2.34,-,2.10,-,0.24,-,4.90,-,45.81,-,26.05,-,657.45,-
,Sep-2020,2.70,"13,397,758",1.08,"9,021,412",0.61,"881,023",0.29,"4,115,039",0.19,"4,025,350",1.60,"4,238,877",0.03,"137,470",130.11,"9,489,066",128.49,"7,993,814",1.61,"1,495,252",25506.72,"2,817,733",0.96,51,1059.85,"6,243",0.00,0,2796.08,"248,662",1179.89,"68,231",2468.27,"2,165,515",18001.67,"329,032",0.89,14,926.42,"78,240",15.28,205,-,-,857.43,"77,958",53.71,77,4994.52,"106,500",1486.71,"51,134",713.37,"21,986",773.33,"29,148",3507.81,"55,366",1758.83,"30,422",1748.98,"24,944",4625.96,"16,683",3616.58,"13,258",1009.37,"3,425",32.50,910,976.87,"2,515",612.71,"485,243",612.63,"485,114",0.08,128,36666.32,"3,504,399",36796.42,"12,993,465",36183.72,"12,508,222",20994.76,"705,945",1907.83,"145,416",19086.93,"560,529",3107.21,"5,619,467",711.68,"3,477,659",2395.53,"2,141,807",5065.50,"241,222",4.36,217,5038.61,"240,205",22.53,801,33.62,123,29.39,118,4.23,5,717.65,"17,096",717.65,"17,096",9241.29,-,586.94,-,8654.35,-,19960.47,-,18287.99,-,1672.48,-,2.34,-,2.10,-,0.24,-,4.62,-,44.23,-,22.99,-,604.07,-
,Aug-2020,2.28,"12,576,300",0.96,"8,614,891",0.52,"867,395",0.27,"3,793,333",0.18,"3,954,162",1.28,"3,749,569",0.03,"211,840",116.77,"7,292,380",115.29,"6,382,552",1.49,"909,828",23968.19,"2,556,879",0.89,46,1196.39,"8,313",0.00,0,2461.25,"235,137",1775.28,"84,523",2346.09,"1,930,552",16188.28,"298,308",0.92,15,857.28,"67,146",19.50,253,-,-,791.81,"66,830",45.96,63,4814.53,"105,081",1425.11,"50,311",659.47,"21,001",765.64,"29,310",3389.42,"54,770",1647.47,"29,525",1741.95,"25,245",4903.41,"16,072",3967.82,"13,000",935.59,"3,072",29.20,737,906.39,"2,335",519.84,"425,462",519.73,"425,252",0.11,210,35063.25,"3,170,640",35180.02,"10,463,020",34660.18,"10,037,558",19962.77,"678,278",1736.72,"140,148",18226.05,"538,130",2932.34,"5,072,663",670.88,"3,239,825",2261.45,"1,832,837",4858.71,"236,446",3.66,184,4834.50,"235,549",20.55,713,32.48,134,27.89,129,4.60,5,814.30,"19,513",814.30,"19,513",9132.03,-,578.31,-,8553.73,-,20134.06,-,18482.49,-,1651.58,-,2.33,-,2.09,-,0.24,-,4.41,-,43.55,-,22.99,-,-,-
,Jul-2020,2.52,"14,102,229",1.22,"9,407,660",0.73,"1,146,554",0.29,"4,098,668",0.20,"4,162,438",1.28,"4,544,294",0.02,"150,275",124.76,"8,335,279",123.22,"7,137,945",1.55,"1,197,334",21832.43,"2,587,407",0.86,45,1182.38,"8,976",0.00,0,2220.99,"225,775",1053.63,"98,960",2401.03,"1,963,113",14973.54,"290,538",0.91,15,855.71,"68,356",15.96,216,-,-,801.08,"68,083",38.67,56,4481.59,"95,883",1319.66,"45,558",601.63,"20,107",718.03,"25,451",3161.93,"50,325",1461.94,"25,821",1699.99,"24,504",3987.42,"15,521",3205.59,"12,892",781.83,"2,629",24.49,628,757.34,"2,002",532.38,"434,072",532.24,"433,799",0.14,272,31689.54,"3,201,239",31814.30,"11,536,518",31281.92,"11,102,447",17345.05,"639,099",1574.09,"130,562",15770.96,"508,536",2981.50,"4,978,552",716.10,"3,032,406",2265.41,"1,946,146",4683.98,"232,074",3.29,167,4661.48,"231,210",19.20,697,33.57,136,30.67,132,2.90,3,743.41,"17,469",743.41,"17,469",9099.87,-,576.32,-,8523.55,-,19272.63,-,17749.31,-,1523.32,-,2.34,-,2.10,-,0.24,-,4.40,-,43.57,-,22.37,-,-,-
,Jun-2020,2.23,"13,383,223",1.01,"9,590,341",0.54,"928,567",0.27,"4,244,619",0.21,"4,417,155",1.19,"3,658,697",0.02,"134,185",119.68,"8,651,978",118.09,"7,641,700",1.59,"1,010,278",20341.73,"2,499,470",0.89,47,1371.10,"11,767",0.00,0,1989.12,"206,951",1337.29,"112,285",2274.01,"1,906,586",13369.31,"261,835",0.85,15,837.03,"70,703",14.67,186,-,-,788.94,"70,492",33.42,25,4250.89,"90,484",1248.55,"42,773",588.58,"19,293",659.97,"23,479",3002.34,"47,711",1475.38,"25,788",1526.95,"21,923",3546.66,"14,494",2905.68,"12,132",640.98,"2,362",35.36,710,605.62,"1,652",496.69,"401,666",496.38,"401,441",0.32,225,29472.99,"3,076,817",29592.67,"11,728,795",29095.98,"11,327,129",16246.12,"600,934",1424.08,"118,981",14822.05,"481,953",2672.21,"5,640,531",597.86,"3,635,373",2074.35,"2,005,157",4713.16,"229,517",3.23,163,4695.03,"228,733",14.91,620,29.42,116,27.82,114,1.60,3,990.75,"19,749",990.75,"19,749",9027.03,-,572.89,-,8454.14,-,19008.07,-,17553.64,-,1454.43,-,2.34,-,2.10,-,0.24,-,4.10,-,43.26,-,21.51,-,-,-
,May-2020,1.71,"10,829,793",0.94,"7,785,920",0.56,"1,010,178",0.21,"3,130,998",0.18,"3,644,744",0.75,"2,934,498",0.01,"109,375",90.04,"7,041,869",88.68,"6,225,396",1.36,"816,473",18091.87,"2,018,057",0.87,41,1154.21,"14,245",0.00,0,1666.80,"169,402",995.63,"134,229",1929.39,"1,481,750",12344.97,"218,392",0.75,14,672.90,"50,962",13.40,159,-,-,640.09,"50,767",19.41,36,3687.68,"70,209",1028.86,"32,225",432.30,"13,470",596.56,"18,755",2658.82,"37,984",1121.15,"18,814",1537.67,"19,170",3032.04,"12,808",2532.24,"11,080",499.80,"1,729",40.82,551,458.98,"1,177",306.77,"260,227",306.50,"260,012",0.27,215,25791.26,"2,412,264",25881.30,"9,454,133",25574.53,"9,193,906",14680.20,"487,019",1264.83,"94,566",13415.37,"392,453",2198.14,"4,792,790",516.13,"3,228,157",1682.02,"1,564,633",4076.30,"195,921",2.76,141,4058.60,"195,283",14.94,496,36.25,116,36.06,116,0.19,1,1000.69,"17,929",1000.69,"17,929",8925.29,-,571.80,-,8353.49,-,18794.15,-,17300.77,-,1493.38,-,2.34,-,2.10,-,0.24,-,3.98,-,43.22,-,20.59,-,-,-
,Apr-2020,1.34,"9,808,581",0.70,"6,644,724",0.38,"779,511",0.17,"2,517,435",0.16,"3,347,778",0.63,"3,030,887",0.01,"132,970",54.35,"6,443,653",53.35,"5,612,493",1.00,"831,161",17950.71,"1,687,803",0.69,29,2312.36,"18,996",0.00,0,1224.75,"121,141",2657.38,"90,089",1759.79,"1,306,406",9995.74,"151,141",0.70,11,691.42,"56,029",20.66,217,-,-,667.06,"55,805",3.70,7,2822.19,"44,015",768.53,"20,765",283.26,"8,052",485.27,"12,713",2053.66,"23,250",676.32,"9,005",1377.34,"14,245",2086.01,"9,648",1841.26,"8,693",244.75,956,38.21,313,206.54,642,176.82,"163,685",176.57,"163,487",0.25,197,23727.16,"1,961,180",23781.50,"8,404,833",23604.69,"8,241,148",11319.10,"365,027",1064.77,"73,416",10254.33,"291,611",1726.50,"4,426,861",385.68,"3,081,555",1340.82,"1,345,305",2949.90,"129,098",3.68,159,2935.26,"128,560",10.97,379,40.87,111,35.67,105,5.21,5,875.54,"14,462",875.54,"14,462",8868.07,-,573.60,-,8294.47,-,18342.76,-,17150.44,-,1192.32,-,2.34,-,2.10,-,0.24,-,3.90,-,43.91,-,20.19,-,-,-
,Mar-2020,3.14,"13,808,922",1.27,"8,427,404",0.86,"1,306,083",0.23,"3,096,901",0.19,"4,024,420",1.82,"5,034,489",0.04,"347,030",118.95,"12,047,221",117.06,"10,368,946",1.89,"1,678,274",19635.40,"2,829,140",0.66,36,1239.58,"7,902",0.00,0,2168.23,"201,962",1134.79,"129,113",2623.70,"2,283,665",12468.45,"206,462",0.68,12,282.97,"34,269",8.88,141,-,0,256.21,"34,095",17.88,33,5246.70,"98,783",1638.57,"50,574",900.64,"26,656",737.93,"23,918",3608.13,"48,209",1925.25,"27,238",1682.88,"20,971",3982.85,"15,341",3178.60,"13,111",804.25,"2,229",81.02,"1,021",723.23,"1,209",710.34,"565,315",710.01,"565,046",0.33,269,29858.26,"3,542,848",29977.21,"15,590,068",29266.86,"15,024,754",13830.33,"520,199",1287.27,"109,624",12543.06,"410,575",2807.67,"6,177,461",650.37,"3,952,900",2157.30,"2,224,562",5440.02,"248,574",7.54,360,5409.61,"247,429",22.87,785,33.69,110,30.55,105,3.14,5,344.98,"9,993",344.98,"9,993",8863.07,-,577.45,-,8285.62,-,18251.64,-,17032.85,-,1218.79,-,2.34,-,2.11,-,0.24,-,4.12,-,44.34,-,20.28,-,-,-
,Feb-2020,2.80,"10,821,111",1.17,"6,868,007",0.82,"1,209,395",0.19,"2,604,693",0.16,"3,053,919",1.59,"3,603,514",0.04,"349,590",133.15,"8,990,097",131.07,"7,718,135",2.08,"1,271,962",20370.86,"2,395,195",0.74,40,1398.12,"8,869",0.00,0,2477.98,"214,566",753.52,"78,710",2483.57,"1,870,494",13256.93,"222,517",0.70,12,577.38,"55,215",9.67,149,-,-,540.99,"55,013",26.72,53,6128.68,"120,708",1882.94,"62,147",1072.50,"33,446",810.44,"28,701",4245.74,"58,561",2455.92,"36,258",1789.83,"22,302",5685.17,"17,515",3782.82,"14,461",1902.35,"3,054",115.30,"1,116",1787.05,"1,938",884.95,"659,458",884.58,"659,157",0.37,301,33647.04,"3,248,090",33780.20,"12,238,187",32895.25,"11,578,729",14284.28,"525,845",1304.52,"108,332",12979.75,"417,513",3128.46,"4,854,804",726.37,"2,938,100",2402.09,"1,916,704",6184.76,"283,280",7.97,379,6148.83,"281,927",27.96,974,65.97,195,59.42,132,6.55,63,386.44,"11,201",386.44,"11,201",8801.81,-,571.58,-,8230.23,-,18103.65,-,16808.08,-,1295.57,-,2.34,-,2.11,-,0.23,-,4.05,-,43.71,-,18.96,-,-,-
,Jan-2020,3.01,"12,826,782",1.09,"8,442,926",0.66,"957,188",0.21,"2,999,019",0.22,"4,486,719",1.88,"4,083,916",0.05,"299,940",137.29,"9,880,821",135.09,"8,558,049",2.20,"1,322,772",21168.29,"2,453,546",0.76,37,1508.83,"9,405",0.09,43,2595.26,"216,811",1407.61,"81,544",2605.55,"1,929,464",13050.19,"216,243",0.78,14,571.05,"55,298",9.36,141,-,-,536.08,"55,108",25.61,49,6518.12,"129,444",2017.27,"66,573",1160.35,"35,124",856.92,"31,449",4500.85,"62,871",2587.38,"38,907",1913.47,"23,964",5237.05,"18,286",3876.23,"15,408",1360.82,"2,878",128.35,997,1232.47,"1,880",887.17,"662,399",886.39,"661,741",0.78,658,34381.67,"3,318,974",34518.96,"13,199,795",33631.79,"12,537,396",14402.70,"521,368",1304.45,"107,648",13098.24,"413,720",3023.78,"5,570,802",684.97,"3,668,889",2338.81,"1,901,913",6532.65,"295,573",8.53,399,6495.69,"294,174",28.43,999,102.47,178,92.41,163,10.06,14,400.78,"11,109",400.78,"11,109",8725.30,-,561.20,-,8164.10,-,17574.74,-,16575.31,-,999.43,-,2.33,-,2.10,-,0.23,-,3.96,-,42.92,-,17.79,-,-,-
,Dec-2019,2.83,"12,196,681",1.04,"8,085,475",0.61,"853,262",0.21,"2,950,776",0.21,"4,281,437",1.75,"3,831,685",0.04,"279,520",136.02,"10,316,937",133.82,"8,847,761",2.20,"1,469,176",20012.78,"2,440,122",0.84,35,1366.78,"5,985",0.10,53,2564.67,"210,934",659.48,"78,362",2336.88,"1,942,231",13084.02,"202,521",0.80,14,552.85,"54,320",7.37,112,-,-,531.45,"54,171",14.02,37,6485.39,"128,488",2036.64,"65,736",1181.09,"35,157",855.55,"30,579",4448.75,"62,752",2634.18,"39,740",1814.57,"23,013",5069.51,"18,922",3652.64,"15,835",1416.87,"3,088",121.90,"1,012",1294.97,"2,076",865.46,"646,583",864.44,"645,573",1.02,"1,010",32985.98,"3,288,436",33122.00,"13,605,373",32256.54,"12,958,789",14322.15,"493,342",1280.66,"101,679",13041.49,"391,663",2994.23,"5,534,795",694.78,"3,510,638",2299.45,"2,024,157",6490.66,"290,918",8.91,422,6453.50,"289,535",28.25,961,78.52,148,71.47,134,7.05,14,326.35,"9,163",326.35,"9,163",8606.57,-,553.33,-,8053.24,-,17625.43,-,16615.68,-,1009.75,-,2.32,-,2.10,-,0.22,-,3.81,-,42.49,-,17.13,-,-,-
,Nov-2019,2.78,"10,655,649",1.01,"6,869,045",0.63,"862,104",0.19,"2,359,755",0.19,"3,647,186",1.74,"3,525,359",0.04,"261,245",133.87,"8,679,806",131.61,"7,469,569",2.27,"1,210,237",18731.18,"2,224,702",0.64,33,1361.27,"6,883",0.17,61,2280.75,"202,904",706.05,"90,941",2194.59,"1,734,651",12187.71,"189,229",0.74,13,530.54,"52,894",6.46,97,-,-,522.31,"52,792",1.77,5,5942.96,"118,339",1762.12,"60,130",1033.52,"31,730",728.60,"28,401",4180.84,"58,209",2483.18,"37,007",1697.66,"21,201",4640.07,"16,928",3354.08,"14,652",1285.99,"2,275",119.53,733,1166.45,"1,542",866.12,"644,802",864.86,"643,678",1.26,"1,124",30710.88,"3,057,665",30844.75,"11,737,472",29978.63,"11,092,669",13534.23,"471,295",1234.84,"96,802",12299.40,"374,494",2951.47,"4,404,301",646.76,"2,584,754",2304.72,"1,819,547",6272.56,"282,631",7.99,381,6236.89,"281,338",27.68,912,67.02,134,62.70,129,4.32,5,339.83,"9,648",339.83,"9,648",8851.69,-,544.11,-,8307.59,-,17263.20,-,16243.87,-,1019.33,-,2.32,-,2.10,-,0.22,-,3.74,-,41.28,-,15.94,-,-,-
,,,,,,,,,,,,,,,,,,,,,,,,,,,,,,,,,,,,,,,,,,,,,,,,,,,,,,,,,,,,,,,,,,,,,,,,,,,,,,,,,,,,,,,,,,,,,,,,,,,,,,,,,,,,,,,,,,,,,,,,,,,,,,,,,,,,,,,,,,,,,
,"@: New inclusion w.e.f. November 2019
 $ :  Inclusion separately initiated from November 2019 - would have been part of another items hitherto.
*: New inclusion w.e.f. September 2020; Includes only static UPI QR Code.",,,,,,,,,,,,,,,,,,,,,,,,,,,,,,,,,,,,,,,,,,,,,,,,,,,,,,,,,,,,,,,,,,,,,,,,,,,,,,,,,,,,,,,,,,,,,,,,,,,,,,,,,,,,,,,,,,,,,,,,,,,,,,,,,,,,,,,,,,,,
,,,,,,,,,,,,,,,,,,,,,,,,,,,,,,,,,,,,,,,,,,,,,,,,,,,,,,,,,,,,,,,,,,,,,,,,,,,,,,,,,,,,,,,,,,,,,,,,,,,,,,,,,,,,,,,,,,,,,,,,,,,,,,,,,,,,,,,,,,,,,
,"1. Data is provisional.
2. ECS (Debit and Credit) has been merged with NACH with effect from January 31, 2020.
3. The data for November 2019 and onwards for card payments (Debit/Credit cards) and Prepaid Payment Instruments (PPIs) may not be comparable with earlier  months/ periods, as more granular data is being published along with revision in data definitions.
4. Only domestic financial transactions are considered. The new format captures e-commerce transactions; transactions using FASTags; cash deposits,bill payments and card-to-card transfer through ATMs, etc.. Also, failed transactions, chargebacks, reversals, expired cards/ wallets, are excluded.",,,,,,,,,,,,,,,,,,,,,,,,,,,,,,,,,,,,,,,,,,,,,,,,,,,,,,,,,,,,,,,,,,,,,,,,,,,,,,,,,,,,,,,,,,,,,,,,,,,,,,,,,,,,,,,,,,,,,,,,,,,,,,,,,,,,,,,,,,,,
