,,,,,,,,,,,,,,,,,,,,,,,,,,,,,,,,,,,,,,,,,,,,,,,,,,,,,,,,,,,,,,,,,,,,,,,,,,,,,,,,,,,
,Payment System Indicators,,,,,,,,,,,,,,,,,,,,,,,,,,,,,,,,,,,,,,,,,,,,,,,,,,,,,,,,,,,,,,,,,,,,,,,,,,,,,,,,,,
,,,,,,,,,,,,,,,,,,,,,,,,,,,,,,,,,,,,,,,,,,,,,,,,,,,,,,,,,,,,,,,,,,,,,,,,,,,,,,,,,,,
,Month/Year,1   RTGS,,1.1  Customer Transactions,,1.2  Interbank Transactions,,1.3  Interbank Clearing,,2   CCIL Operated Systems,,2.1  CBLO,,2.2  Govt. Securities Clearing,,2.2.1  Outright,,2.2.2  Repo,,2.2.3 Tri-party Repo,,2.3  Forex Clearing,,3   Paper Clearing,,3.1  Cheque Truncation System (CTS),,3.2  MICR Clearing,,3.2.1  RBI Centres,,3.2.2  Other Centres,,3.3  Non-MICR Clearing,,4   Retail Electronic Clearing,,4.1  ECS DR,,4.2  ECS CR (includes NECS),,4.3  EFT/NEFT,,4.4  Immediate Payment Service (IMPS),,4.6 National Automated Clearing House (NACH),,5   Cards,,5.1  Credit Cards,,5.1.1  Usage at ATMs,,5.1.2  Usage at POS,,5.2  Debit Cards,,5.2.1  Usage at ATMs,,5.2.2  Usage at POS,,6   Prepaid Payment Instruments (PPIs),,6.1  m-Wallet,,6.2  PPI Cards,,6.3  Paper Vouchers,,7   Mobile Banking,,8   Cards Outstanding,,8.1  Credit Card,,8.2  Debit Card,,9   Number of ATMs (in actuals),,10 Number of POS (in actuals),,11 Grand Total (1.1+1.2+2+3+4+5+6),
,,Volume (Lakh),Value( Rupees Billions ),Volume (Lakh),Value( Rupees Billions ),Volume (Lakh),Value( Rupees Billions ),Volume (Lakh),Value( Rupees Billions ),Volume (Lakh),Value( Rupees Billions ),Volume (Lakh),Value( Rupees Billions ),Volume (Lakh),Value( Rupees Billions ),Volume (Lakh),Value( Rupees Billions ),Volume (Lakh),Value( Rupees Billions ),Volume (Lakh),Value( Rupees Billions ),Volume (Lakh),Value( Rupees Billions ),Volume (Lakh),Value( Rupees Billions ),Volume (Lakh),Value( Rupees Billions ),Volume (Lakh),Value( Rupees Billions ),Volume (Lakh),Value( Rupees Billions ),Volume (Lakh),Value( Rupees Billions ),Volume (Lakh),Value( Rupees Billions ),Volume (Lakh),Value( Rupees Billions ),Volume (Lakh),Value( Rupees Billions ),Volume (Lakh),Value( Rupees Billions ),Volume (Lakh),Value( Rupees Billions ),Volume (Lakh),Value( Rupees Billions ),Volume (Lakh),Value( Rupees Billions ),Volume (Lakh),Value( Rupees Billions ),Volume (Lakh),Value( Rupees Billions ),Volume (Lakh),Value( Rupees Billions ),Volume (Lakh),Value( Rupees Billions ),Volume (Lakh),Value( Rupees Billions ),Volume (Lakh),Value( Rupees Billions ),Volume (Lakh),Value( Rupees Billions ),Volume (Lakh),Value( Rupees Billions ),Volume (Lakh),Value( Rupees Billions ),Volume (Lakh),Value( Rupees Billions ),Volume (Lakh),Value( Rupees Billions ),Volume (Lakh),Value( Rupees Billions ),Volume (Lakh),Value( Rupees Billions ),Volume (Lakh),Value( Rupees Billions ),Volume (Lakh),Value( Rupees Billions ),Volume (Lakh),Value( Rupees Billions ),Volume (Lakh),Value( Rupees Billions ),Volume (Lakh),Value( Rupees Billions )
,Oct-2019,128.92,"138,614",126.66,"89,375",2.24,"14,754",0.02,"34,484",2.60,"101,347",-,-,0.90,"62,668",0.53,"7,778",0.19,"22,203",0.18,"32,686",1.71,"38,679",898.07,"6,603",896.75,"6,591",-,-,-,-,-,-,1.32,12,"8,399.74","22,743",0.00,0,0.16,1,"2,424.00","18,608","2,369.30","2,127","3,606.27","2,008","15,176.43","4,573","2,036.00",716,8.37,4,"2,027.63",711,"13,140.43","3,858","8,590.43","3,156","4,550.01",701,"4,848.26",187,"3,393.25",151,"1,455.01",35,0.00,0,"12,418.01","5,328","8,969.81",-,533.59,-,"8,436.22",-,"229,374.00",-,"4,825,074.00",-,"29,454.00","239,583"
,Sep-2019,114.42,"142,982",112.28,"93,831",2.11,"17,003",0.02,"32,148",2.83,"101,868",-,-,1.01,"59,297",0.67,"9,521",0.18,"20,757",0.17,"29,019",1.82,"42,571",828.04,"5,918",826.55,"5,905",-,-,-,-,-,-,1.50,13,"7,091.97","21,406",0.00,0,0.12,1,"2,167.00","18,118","2,041.60","1,837","2,883.25","1,450","13,892.43","3,894","1,802.88",598,8.18,4,"1,794.71",595,"12,089.55","3,295","7,940.22","2,738","4,149.34",557,"4,033.61",178,"3,402.11",147,631.50,32,0.00,0,"10,980.26","4,702","8,881.84",-,525.90,-,"8,355.94",-,"227,886.00",-,"4,589,727.00",-,"25,963.29","244,098"
,Aug-2019,118.79,"148,421",116.56,"98,291",2.21,"16,945",0.02,"33,185",3.34,"105,108",-,-,1.30,"64,711",0.93,"12,922",0.19,"21,628",0.18,"30,162",2.05,"40,397",878.22,"6,371",875.55,"6,351",-,-,-,-,-,-,2.67,20,"7,299.24","21,369",0.04,0,3.38,9,"2,212.60","17,962","2,003.10","1,891","3,080.12","1,507","14,240.58","4,055","1,804.31",600,8.58,4,"1,795.73",596,"12,436.28","3,455","8,143.08","2,874","4,293.19",581,"4,070.66",183,"3,491.18",155,579.49,29,0.00,0,"10,072.43","3,280","8,778.96",-,517.65,-,"8,261.30",-,"228,170.00",-,"4,409,250.00",-,"26,610.82","252,322"
,Jul-2019,127.45,"160,042",125.07,"108,861",2.35,"16,909",0.03,"34,271",3.62,"116,838",-,-,1.78,"75,190",1.36,"17,663",0.23,"25,625",0.19,"31,902",1.84,"41,648",937.13,"6,822",934.30,"6,800",-,-,-,-,-,-,2.83,22,"6,887.21","21,141",0.22,0,2.82,10,"2,194.19","17,843","1,892.76","1,820","2,797.21","1,469","14,209.38","4,007","1,792.82",600,8.66,4,"1,784.16",596,"12,416.55","3,407","8,160.15","2,821","4,256.41",585,"4,075.89",184,"3,469.04",157,606.85,27,0.00,0,"9,175.84","5,338","8,656.50",-,502.64,-,"8,153.86",-,"227,629.00",-,"4,252,850.00",-,"26,240.65","274,763"
,Jun-2019,118.26,"152,991",115.99,"101,776",2.24,"18,241",0.02,"32,974",3.10,"109,184",-,-,1.48,"68,285",1.11,"15,074",0.20,"24,412",0.17,"28,798",1.62,"40,899",839.64,"6,310",836.46,"6,282",-,-,-,-,-,-,3.18,28,"6,436.48","20,581",0.27,0,3.30,9,"1,991.40","17,496","1,713.25","1,730","2,728.27","1,345","13,766.65","3,982","1,640.46",573,8.12,4,"1,632.33",569,"12,126.19","3,409","8,004.84","2,834","4,121.35",575,"3,898.19",178,"3,344.89",153,553.30,25,0.00,0,"8,486.06","4,975","8,615.93",-,496.48,-,"8,119.45",-,"226,839.00",-,"4,068,954.00",-,"25,062.30","260,251"
,May-2019,124.91,"158,380",122.24,"104,886",2.64,"19,088",0.03,"34,406",3.15,"108,988",-,-,1.27,"64,438",0.86,"10,329",0.22,"24,166",0.19,"29,943",1.88,"44,550",921.11,"7,171",917.67,"7,137",-,-,-,-,-,-,3.44,34,"6,838.14","24,834",0.33,0,2.94,8,"2,176.80","21,278","1,833.25","1,805","2,824.82","1,744","14,022.84","4,144","1,740.43",617,8.90,4,"1,731.53",613,"12,282.41","3,527","8,157.10","2,947","4,125.31",580,"4,189.98",183,"3,674.55",157,515.43,26,0.00,0,"8,417.38","4,850","8,493.58",-,489.21,-,"8,004.37",-,"227,227.00",-,"3,845,111.00",-,"26,100.10","269,294"
,Apr-2019,114.75,"148,481",112.28,"93,081",2.45,"19,373",0.02,"36,028",2.48,"95,078",-,-,0.90,"48,749",0.58,"7,916",0.16,"16,857",0.16,"23,976",1.57,"46,329",897.93,"7,268",893.58,"7,235",-,-,-,-,-,-,4.35,33,"7,318.52","23,801",0.29,0,5.18,12,"2,034.39","20,547","1,850.44","1,692","3,428.23","1,550","13,897.75","3,979","1,677.85",581,8.65,4,"1,669.21",577,"12,219.89","3,397","8,089.09","2,844","4,130.80",554,"4,209.74",186,"3,806.23",160,403.51,26,0.00,0,"8,812.35","4,020","9,082.92",-,479.97,-,"8,602.95",-,"227,164.00",-,"3,757,621.00",-,"26,441.15","242,765"
,Mar-2019,136.43,"190,693",133.55,"125,551",2.86,"23,178",0.03,"41,964",2.79,"103,148",-,-,0.93,"53,731",0.59,"7,361",0.17,"18,541",0.18,"27,829",1.85,"49,417",997.57,"7,658",991.62,"7,610",-,-,-,-,-,-,5.96,48,"7,273.19","28,879",0.24,0,2.52,10,"2,423.89","25,470","1,901.80","1,763","2,944.74","1,635","14,622.64","4,001","1,632.74",581,8.63,4,"1,624.11",577,"12,989.89","3,420","8,914.24","2,890","4,075.66",530,"4,272.40",186,"3,846.68",158,425.72,28,-,-,"8,729.27","4,402","9,529.02",-,470.89,-,"9,058.13",-,"221,703.00",-,"3,722,229.00",-,"27,304.99","292,601"
,Feb-2019,110.88,"146,468",108.38,"94,576",2.48,"18,184",0.02,"33,708",2.72,"98,963",-,-,1.00,"59,796",0.65,"7,913",0.17,"21,155",0.18,"30,728",1.73,"39,167",869.93,"6,414",862.74,"6,370",-,-,-,-,-,-,7.18,45,"6,336.11","22,026",0.33,0,3.73,14,"2,011.00","19,214","1,663.73","1,493","2,657.31","1,304","13,065.26","3,538","1,421.29",489,7.93,4,"1,413.36",485,"11,643.97","3,049","8,179.15","2,594","3,464.82",455,"3,848.51",165,"3,448.27",141,400.24,24,0.00,0,"7,394.06","3,047","9,770.06",-,460.62,-,"9,309.44",-,"221,786.00",-,"3,636,851.00",-,"24,233.38","243,866"
,Jan-2019,117.80,"156,570",115.04,"106,992",2.75,"17,805",0.01,"31,773",3.14,"100,832",-,-,1.15,"62,249",0.76,"8,773",0.18,"21,207",0.20,"32,269",1.99,"38,583",944.28,"6,868",935.96,"6,804",-,-,-,-,-,-,8.32,63,"6,219.60","22,415",0.27,0,4.05,9,"2,051.32","19,663","1,715.08","1,523","2,448.88","1,220","14,144.42","3,720","1,604.29",553,8.64,4,"1,595.65",550,"12,540.13","3,167","8,804.82","2,661","3,735.31",506,"4,464.71",192,"3,982.66",159,482.04,33,0.00,0,"7,108.98","2,960","9,685.67",-,451.71,-,"9,233.96",-,"221,848.00",-,"3,657,596.00",-,"25,893.94","258,824"
,Dec-2018,113.20,"145,830",110.52,"101,339",2.65,"15,085",0.02,"29,406",3.18,"102,273",-,-,1.21,"63,214",0.86,"11,378",0.17,"21,655",0.18,"30,182",1.96,"39,059",925.24,"6,687",917.14,"6,626",-,-,-,-,-,-,8.10,61,"6,201.03","22,269",0.27,0,5.00,11,"1,947.81","19,570","1,769.32","1,469","2,478.62","1,218","14,602.13","4,216","1,592.17",546,8.75,4,"1,583.42",542,"13,009.95","3,669","9,143.07","3,139","3,866.88",530,"4,417.66",189,"3,929.94",164,487.71,26,0.00,0,"6,614.28","2,776","10,023.64",-,442.14,-,"9,581.50",-,"220,051.00",-,"3,595,912.00",-,"26,262.40","252,058"
,Nov-2018,109.65,"130,030",106.98,"91,163",2.65,"11,922",0.02,"26,945",2.54,"89,963",0.02,"2,694",0.89,"53,489",0.59,"7,378",0.16,"22,603",0.15,"23,508",1.63,"33,780",866.56,"6,229",856.70,"6,154",0.00,0,0.00,0,0.00,0,9.87,76,"5,916.48","21,035",0.33,0,4.73,12,"1,942.14","18,247","1,499.40","1,348","2,469.88","1,428","13,626.08","3,838","1,466.46",520,8.01,4,"1,458.46",516,"12,159.62","3,318","8,402.33","2,779","3,757.29",539,"3,941.65",185,"3,473.25",161,468.40,24,0.00,0,"5,759.91","2,493","10,357.98",-,432.35,-,"9,925.63",-,"220,114.00",-,"3,510,859.00",-,"24,462.95","224,335"
,Oct-2018,118.64,"142,153",115.81,"97,944",2.80,"13,913",0.02,"30,296",3.23,"115,018",0.22,"32,598",0.88,"39,571",0.67,"7,702",0.21,"31,870",-,-,2.13,"42,849",989.14,"7,026",978.00,"6,948",0.00,0,0.00,0,0.00,0,11.14,78,"6,121.24","22,044",0.37,0,6.64,16,"2,090.40","19,227","1,546.23","1,403","2,477.60","1,398","14,242.16","4,042","1,619.73",566,9.09,4,"1,610.64",562,"12,622.43","3,476","8,696.35","2,934","3,926.08",542,"4,202.02",221,"3,684.49",188,517.53,33,0.00,0,"5,596.22","2,481","10,412.85",-,426.75,-,"9,971.06",-,"220,154.00",-,"3,450,355.00",-,"25,676.40","260,208"
,Sep-2018,104.00,"131,258",101.40,"91,807",2.58,"12,231",0.02,"27,221",3.05,"93,395",0.18,"25,898",0.90,"30,729",0.73,"7,560",0.17,"23,169",-,-,1.98,"36,768",880.56,"6,346",872.79,"6,290",0.00,0,0.00,0,0.00,0,7.77,56,"5,524.59","20,328",0.38,0,5.22,10,"1,810.14","18,016","1,357.35","1,256","2,351.49","1,046","13,001.17","3,613","1,390.31",465,8.00,4,"1,382.30",461,"11,610.86","3,149","7,986.46","2,691","3,624.40",458,"3,578.56",177,"3,241.59",151,336.97,26,0.00,0,"4,896.65","2,176","10,242.25",-,417.76,-,"9,824.49",-,"221,492.00",-,"3,393,396.00",-,"23,091.90","227,898"
,Aug-2018,110.12,"138,236",107.41,"97,994",2.69,"11,221",0.02,"29,022",2.97,"91,745",0.18,"24,677",0.78,"29,516",0.61,"7,285",0.18,"22,231",-,-,2.01,"37,552",945.10,"6,708",934.17,"6,633",0.00,0,0.00,0,0.00,0,10.94,75,"5,872.01","21,072",4.11,10,0.53,0,"1,931.99","18,712","1,335.78","1,237","2,599.59","1,112","13,077.35","3,733","1,450.41",484,8.39,4,"1,442.02",480,"11,626.94","3,249","8,055.22","2,760","3,571.72",490,"3,733.90",190,"3,411.04",156,322.86,34,0.00,0,"3,927.94","2,086","10,212.38",-,410.41,-,"9,801.97",-,"221,083.00",-,"3,332,484.00",-,"23,741.43","232,661"
,Jul-2018,109.70,"138,629",106.87,"99,646",2.80,"12,367",0.02,"26,616",3.06,"95,222",0.20,"27,040",0.81,"29,829",0.62,"6,655",0.20,"23,174",-,-,2.05,"38,353",953.86,"6,834",941.87,"6,750",0.00,0,0.00,0,0.00,0,11.99,84,"5,649.39","19,621",0.42,0,5.69,14,"1,806.00","17,321","1,273.77","1,172","2,563.51","1,114","12,949.22","3,648","1,458.10",481,8.04,4,"1,450.06",478,"11,491.11","3,167","7,817.58","2,684","3,673.53",483,"3,518.00",175,"3,251.79",152,266.21,23,0.00,0,"3,560.83","2,060","10,021.66",-,401.66,-,"9,620.00",-,"221,463.00",-,"3,268,817.00",-,"23,183.19","237,513"
,Jun-2018,114.33,"142,542",111.37,"101,134",2.94,"13,065",0.02,"28,343",3.03,"92,619",0.18,"24,829",0.79,"30,639",0.59,"6,671",0.20,"23,969",-,-,2.06,"37,151",972.99,"7,197",963.88,"7,093",0.00,0,0.00,0,0.00,0,9.11,104,"5,335.86","21,262",1.29,1,3.98,12,"1,771.53","19,017","1,204.91","1,130","2,354.15","1,102","12,482.58","3,626","1,367.25",466,7.48,4,"1,359.77",463,"11,115.33","3,160","7,527.11","2,681","3,588.22",479,"3,329.52",163,"3,096.19",146,233.15,17,0.19,0,"3,229.74","1,966","9,836.55",-,393.81,-,"9,442.74",-,"221,606.00",-,"3,311,184.00",-,"22,238.28","239,067"
,May-2018,114.94,"132,354",111.92,"93,765",3.00,"11,956",0.02,"26,633",3.29,"94,215",0.18,"23,278",0.78,"29,277",0.57,"6,046",0.20,"23,232",-,-,2.33,"41,659",967.71,"7,221",952.50,"7,102",0.00,0,0.00,0,0.00,0,15.22,118,"5,271.95","19,215",0.77,0,4.99,10,"1,729.14","17,152","1,166.21","1,086","2,370.86",966,"12,392.06","3,592","1,390.39",476,7.49,4,"1,382.90",473,"11,001.66","3,116","7,480.42","2,648","3,521.24",468,"3,503.61",155,"3,254.08",140,249.35,15,0.19,0,"2,679.13","1,789","9,625.67",-,386.05,-,"9,239.62",-,"222,285.00",-,"3,247,096.00",-,"22,253.54","230,118"
,Apr-2018,106.60,"120,758",103.71,"82,457",2.87,"11,588",0.02,"26,712",3.18,"88,119",0.15,"20,391",0.98,"27,275",0.83,"8,829",0.15,"18,446",-,-,2.04,"40,453",924.67,"7,272",909.33,"7,155",0.00,0,0.00,0,0.00,0,15.34,117,"5,411.22","18,590",0.48,0,6.49,12,"1,673.52","16,327","1,095.51","1,022","2,635.22","1,228","12,257.50","3,554","1,330.46",452,7.27,3,"1,323.19",448,"10,927.05","3,103","7,589.39","2,648","3,337.66",455,"3,261.75",134,"2,792.88",117,468.70,17,0.17,0,"2,506.19","1,348","9,441.40",-,377.83,-,"9,063.57",-,"220,441.00",-,"3,193,356.00",-,"21,964.90","211,714"
,Mar-2018,126.85,"158,780",123.61,"112,499",3.23,"13,842",0.02,"32,439",2.74,"86,985",0.17,"22,614",0.78,"25,131",0.64,"6,716",0.15,"18,415",-,-,1.79,"39,239","1,056.49","7,834","1,036.20","7,682",0.00,0,0.00,0,0.00,0,20.29,152,"5,398.55","24,902",0.72,0,3.06,9,"2,120.11","22,541","1,101.54","1,038","2,173.12","1,314","12,219.21","3,529","1,280.78",447,7.86,4,"1,272.92",443,"10,938.43","3,082","7,749.44","2,664","3,188.99",419,"2,936.56",119,"2,687.92",101,248.38,17,0.26,1,"2,399.02","1,415","8,985.61",-,374.85,-,"8,610.76",-,"222,247.00",-,"3,083,067.00",-,"21,740.38","249,709"
,Feb-2018,106.29,"114,124",103.40,"82,135",2.87,"9,631",0.02,"22,358",2.82,"85,017",0.16,"23,264",0.73,"27,460",0.57,"6,274",0.16,"21,186",-,-,1.93,"34,293",935.61,"6,569",918.21,"6,454",0.00,0,0.00,0,0.00,0,17.40,115,"4,755.14","16,678",0.94,0,4.87,9,"1,655.87","14,844",992.45,883,"2,101.00",942,"11,157.27","3,225","1,154.43",380,6.89,3,"1,147.53",377,"10,002.84","2,845","7,182.77","2,475","2,820.07",370,"3,453.66",150,"3,100.13",131,353.23,18,0.30,1,"2,232.49","1,137","8,923.81",-,369.35,-,"8,554.45",-,"221,687.00",-,"3,079,487.00",-,"20,410.77","203,404"
,Jan-2018,111.61,"133,665",108.46,"95,866",3.13,"11,622",0.02,"26,177",3.50,"101,560",0.20,"29,883",0.99,"32,265",0.81,"8,697",0.18,"23,569",-,-,2.32,"39,412",990.59,"6,999",967.11,"6,793",0.00,0,0.00,0,0.00,0,23.47,207,"4,893.46","17,087",1.16,1,4.98,10,"1,702.14","15,374",995.58,882,"2,189.60",821,"11,736.64","3,379","1,307.25",418,7.45,3,"1,299.80",414,"10,429.39","2,961","7,415.65","2,550","3,013.75",411,"3,612.01",148,"3,262.98",126,348.68,21,0.35,1,"2,150.09","1,114","8,829.36",-,362.38,-,"8,466.97",-,"221,620.00",-,"3,061,817.00",-,"21,347.79","236,663"
,Dec-2017,108.95,"128,099",105.81,"90,558",3.12,"10,350",0.02,"27,191",2.80,"88,063",0.17,"23,657",0.85,"30,068",0.69,"8,454",0.16,"21,614",-,-,1.78,"34,337",964.38,"6,752",945.74,"6,564",0.00,0,0.00,0,0.00,0,18.64,189,"4,699.56","17,465",1.28,1,5.15,7,"1,690.50","15,779",980.06,871,"2,022.58",806,"11,788.03","3,470","1,244.83",422,7.13,3,"1,237.69",419,"10,543.20","3,048","7,619.32","2,640","2,923.88",408,"3,198.47",143,"2,883.71",126,314.44,16,0.33,1,"2,065.18","1,057","8,779.67",-,354.96,-,"8,424.71",-,"221,832.00",-,"3,027,382.00",-,"20,762.16","216,801"
,Nov-2017,108.27,"123,579",105.07,"87,550",3.18,"10,860",0.02,"25,169",3.31,"101,377",0.19,"27,795",1.09,"35,380",0.89,"10,840",0.20,"24,540",-,-,2.03,"38,203",985.99,"6,775",962.98,"6,634",0.00,0,0.00,0,0.00,0,23.01,141,"4,600.96","15,621",1.31,1,5.37,10,"1,619.68","13,884",894.89,783,"2,079.70",943,"11,188.84","3,254","1,165.88",396,6.88,3,"1,159.00",393,"10,022.97","2,858","7,313.33","2,493","2,709.64",365,"2,361.64",133,"1,866.74",94,494.54,38,0.36,2,"1,849.70","1,065","8,676.64",-,347.76,-,"8,328.88",-,"221,350.00",-,"2,998,733.00",-,"19,249.00","225,570"
,Oct-2017,100.01,"115,808",97.09,"82,084",2.90,"9,972",0.02,"23,752",2.69,"86,874",0.16,"22,982",0.78,"27,863",0.61,"7,605",0.16,"20,259",-,-,1.75,"36,029",964.10,"6,479",944.35,"6,340",0.00,0,0.00,0,0.00,0,19.75,139,"4,446.17","15,599",1.21,1,5.00,11,"1,587.80","13,851",881.22,750,"1,970.93",985,"11,459.14","3,367","1,240.44",423,6.80,3,"1,233.64",419,"10,218.71","2,945","7,418.67","2,533","2,800.03",411,"2,451.75",117,"2,012.29",87,439.11,29,0.35,2,"1,506.75",917,"8,601.25",-,338.70,-,"8,262.55",-,"221,314.00",-,"2,958,301.00",-,"19,423.84","204,491"
,Sep-2017,96.08,"127,731",93.15,"91,522",2.91,"10,826",0.02,"25,383",3.03,"92,764",0.17,"23,778",1.00,"34,013",0.82,"11,098",0.18,"22,915",-,-,1.86,"34,972",943.74,"6,430",921.56,"6,272",0.00,0,0.00,0,0.00,0,22.19,158,"4,277.16","15,624",1.37,1,4.78,10,"1,576.71","14,182",828.50,718,"1,865.80",714,"11,060.65","3,167","1,132.87",378,6.55,3,"1,126.32",375,"9,927.79","2,789","7,264.17","2,420","2,663.61",369,"2,402.90",110,"1,994.85",82,407.62,26,0.43,2,"1,138.93",862,"8,531.06",-,333.43,-,"8,197.63",-,"221,722.00",-,"2,900,038.00",-,"18,783.54","220,443"
,Aug-2017,94.58,"113,828",91.58,"79,158",2.98,"10,006",0.02,"24,664",2.68,"87,499",0.17,"22,784",0.84,"31,960",0.67,"9,796",0.17,"22,164",-,-,1.67,"32,755",948.07,"6,404",920.49,"6,224",0.00,0,0.00,0,0.00,0,27.58,179,"4,427.86","13,988",1.16,1,6.32,11,"1,516.06","12,500",756.60,651,"2,147.73",824,"11,020.19","3,076","1,159.86",366,6.59,3,"1,153.27",363,"9,860.33","2,710","7,184.10","2,353","2,676.23",357,"2,611.40",103,"2,254.35",73,356.72,29,0.33,2,982.49,805,"8,435.14",-,326.46,-,"8,108.69",-,"222,568.00",-,"2,882,422.00",-,"19,104.76","200,233"
,Jul-2017,93.82,"110,562",90.66,"77,676",3.14,"9,473",0.02,"23,413",2.96,"86,664",0.17,"21,736",1.14,"34,047",0.98,"13,400",0.16,"20,647",-,-,1.65,"30,880",953.52,"6,573",921.99,"6,342",0.00,0,0.00,0,0.00,0,31.53,230,"4,322.00","13,472",1.40,1,4.27,11,"1,481.39","12,012",690.72,605,"2,144.23",843,"10,765.45","2,964","1,113.76",342,6.13,3,"1,107.62",339,"9,651.70","2,622","7,039.14","2,271","2,612.56",351,"2,702.42",99,"2,354.63",69,347.37,27,0.42,2,"1,035.37",812,"8,361.08",-,320.57,-,"8,040.51",-,"222,653.00",-,"2,840,113.00",-,"18,840.16","196,920"
,Jun-2017,98.30,"116,201",95.12,"83,331",3.16,"9,482",0.02,"23,388",3.04,"90,919",0.17,"21,892",1.23,"36,914",1.06,"13,710",0.17,"23,204",-,-,1.64,"32,113",954.66,"6,669",918.53,"6,410",0.00,0,0.00,0,0.00,0,36.13,259,"4,267.51","14,113",1.34,1,6.42,10,"1,523.42","12,694",658.43,597,"2,077.90",811,"10,376.63","2,995","1,100.26",358,5.55,3,"1,094.71",355,"9,276.37","2,638","6,678.06","2,257","2,598.31",381,"2,556.50",85,"2,216.30",53,339.74,30,0.46,2,"1,157.29","1,808","8,290.20",-,314.78,-,"7,975.42",-,"222,926.00",-,"2,776,949.00",-,"18,256.63","207,595"
,May-2017,104.35,"113,313",100.86,"80,717",3.47,"9,454",0.02,"23,142",2.86,"86,203",0.17,"21,770",0.95,"31,151",0.80,"9,927",0.16,"21,224",-,-,1.74,"33,282","1,016.28","7,100",970.75,"6,746",0.00,0,0.00,0,0.00,0,45.53,354,"4,273.56","13,768",1.66,1,6.23,10,"1,558.20","12,411",667.17,586,"2,040.30",761,"10,411.94","2,906","1,158.77",364,5.46,3,"1,153.30",361,"9,253.17","2,542","6,554.72","2,164","2,698.46",378,"2,780.84",107,"2,417.19",72,363.24,33,0.41,2,"1,142.57","2,134","8,212.14",-,308.56,-,"7,903.58",-,"222,813.00",-,"2,692,986.00",-,"18,589.81","200,254"
,Apr-2017,95.45,"111,744",92.31,"73,604",3.12,"14,908",0.02,"23,232",2.51,"80,879",0.15,"21,151",0.79,"24,111",0.65,"7,483",0.14,"16,629",-,-,1.58,"35,616",999.71,"7,351",952.58,"6,991",0.00,0,0.00,0,0.00,0,47.13,361,"4,311.01","13,701",1.86,1,4.93,10,"1,431.69","12,156",650.81,562,"2,221.72",972,"10,402.19","2,883","1,070.60",334,4.82,2,"1,065.78",331,"9,331.60","2,549","6,603.21","2,169","2,728.39",381,"3,522.31",104,"3,208.74",74,313.18,27,0.39,2,"1,062.74","1,613","8,111.70",-,303.74,-,"7,807.95",-,"221,959.00",-,"2,614,584.00",-,"19,333.17","193,429"
,,,,,,,,,,,,,,,,,,,,,,,,,,,,,,,,,,,,,,,,,,,,,,,,,,,,,,,,,,,,,,,,,,,,,,,,,,,,,,,,,,,
,"Note: Mobile Banking - The data from July 2017 includes only individual payments and corporate payments initiated, processed, and authorised using mobile device. Other corporate payments which are not  initiated, processed, and authorised using mobile device are excluded.
          2.1: With effect from November 05, 2018, CCIL has discontinued CBLO.
          2.2.3: Tri-party Repo under the Securities segment has been operationalised from November 05, 2018.",,,,,,,,,,,,,,,,,,,,,,,,,,,,,,,,,,,,,,,,,,,,,,,,,,,,,,,,,,,,,,,,,,,,,,,,,,,,,,,,,,
